Local,Nome,Latitude,Longitude
ESTACAO_METRO,Ditmars Blvd,40775036,-73912034
ESTACAO_METRO,Ditmars Blvd,40775036,-73912034
ESTACAO_METRO,Ditmars Blvd,40775036,-73912034
ESTACAO_METRO,Ditmars Blvd,40775036,-73912034
ESTACAO_METRO,Astoria Blvd-Hoyt Av,40770258,-73917843
ESTACAO_METRO,Astoria Blvd-Hoyt Av,40770258,-73917843
ESTACAO_METRO,Astoria Blvd-Hoyt Av,40770258,-73917843
ESTACAO_METRO,Astoria Blvd-Hoyt Av,40770258,-73917843
ESTACAO_METRO,30 Av-Grand Av,40766779,-73921479
ESTACAO_METRO,30 Av-Grand Av,40766779,-73921479
ESTACAO_METRO,30 Av-Grand Av,40766779,-73921479
ESTACAO_METRO,30 Av-Grand Av,40766779,-73921479
ESTACAO_METRO,Broadway,4076182,-73925508
ESTACAO_METRO,Broadway,4076182,-73925508
ESTACAO_METRO,Broadway,4076182,-73925508
ESTACAO_METRO,36 Av-Washington Av,40756804,-73929575
ESTACAO_METRO,36 Av-Washington Av,40756804,-73929575
ESTACAO_METRO,36 Av-Washington Av,40756804,-73929575
ESTACAO_METRO,39 Av-Beebe Av,40752882,-73932755
ESTACAO_METRO,39 Av-Beebe Av,40752882,-73932755
ESTACAO_METRO,5th Av,40764811,-73973347
ESTACAO_METRO,5th Av,40764811,-73973347
ESTACAO_METRO,5th Av,40764811,-73973347
ESTACAO_METRO,5th Av,40764811,-73973347
ESTACAO_METRO,57th St,40764664,-73980658
ESTACAO_METRO,57th St,40764664,-73980658
ESTACAO_METRO,57th St,40764664,-73980658
ESTACAO_METRO,57th St,40764664,-73980658
ESTACAO_METRO,49th St,40759901,-73984139
ESTACAO_METRO,49th St,40759901,-73984139
ESTACAO_METRO,28th St,40745494,-73988691
ESTACAO_METRO,28th St,40745494,-73988691
ESTACAO_METRO,23rd St,40741303,-73989344
ESTACAO_METRO,23rd St,40741303,-73989344
ESTACAO_METRO,23rd St,40741303,-73989344
ESTACAO_METRO,23rd St,40741303,-73989344
ESTACAO_METRO,Union Square,40735736,-73990568
ESTACAO_METRO,8th St,40730328,-73992629
ESTACAO_METRO,8th St,40730328,-73992629
ESTACAO_METRO,Prince St,40724329,-73997702
ESTACAO_METRO,Prince St,40724329,-73997702
ESTACAO_METRO,City Hall,40713282,-74006978
ESTACAO_METRO,City Hall,40713282,-74006978
ESTACAO_METRO,City Hall,40713282,-74006978
ESTACAO_METRO,Cortlandt St,40710668,-74011029
ESTACAO_METRO,Cortlandt St,40710668,-74011029
ESTACAO_METRO,Rector St,4070722,-74013342
ESTACAO_METRO,Rector St,4070722,-74013342
ESTACAO_METRO,Rector St,4070722,-74013342
ESTACAO_METRO,Whitehall St,40703087,-74012994
ESTACAO_METRO,Whitehall St,40703087,-74012994
ESTACAO_METRO,Whitehall St,40703087,-74012994
ESTACAO_METRO,Lawrence St,4069218,-73985942
ESTACAO_METRO,Lawrence St,4069218,-73985942
ESTACAO_METRO,Lawrence St,4069218,-73985942
ESTACAO_METRO,Lawrence St,4069218,-73985942
ESTACAO_METRO,DeKalb Av,40690635,-73981824
ESTACAO_METRO,DeKalb Av,40690635,-73981824
ESTACAO_METRO,DeKalb Av,40690635,-73981824
ESTACAO_METRO,DeKalb Av,40690635,-73981824
ESTACAO_METRO,Atlantic Av-Barclays Ctr,40683666,-7397881
ESTACAO_METRO,Pacific St,40683666,-7397881
ESTACAO_METRO,Pacific St,40683666,-7397881
ESTACAO_METRO,Union St,40677316,-7398311
ESTACAO_METRO,Union St,40677316,-7398311
ESTACAO_METRO,Union St,40677316,-7398311
ESTACAO_METRO,9th St,40670847,-73988302
ESTACAO_METRO,Prospect Av,40665414,-73992872
ESTACAO_METRO,Prospect Av,40665414,-73992872
ESTACAO_METRO,25th St,40660397,-73998091
ESTACAO_METRO,36th St,40655144,-74003549
ESTACAO_METRO,36th St,40655144,-74003549
ESTACAO_METRO,36th St,40655144,-74003549
ESTACAO_METRO,45th St,40648939,-74010006
ESTACAO_METRO,45th St,40648939,-74010006
ESTACAO_METRO,45th St,40648939,-74010006
ESTACAO_METRO,45th St,40648939,-74010006
ESTACAO_METRO,53rd St,40645069,-74014034
ESTACAO_METRO,53rd St,40645069,-74014034
ESTACAO_METRO,53rd St,40645069,-74014034
ESTACAO_METRO,53rd St,40645069,-74014034
ESTACAO_METRO,59th St,40641362,-74017881
ESTACAO_METRO,59th St,40641362,-74017881
ESTACAO_METRO,59th St,40641362,-74017881
ESTACAO_METRO,59th St,40641362,-74017881
ESTACAO_METRO,Bay Ridge Av,40634967,-74023377
ESTACAO_METRO,Bay Ridge Av,40634967,-74023377
ESTACAO_METRO,77th St,40629742,-7402551
ESTACAO_METRO,77th St,40629742,-7402551
ESTACAO_METRO,86th St,40622687,-74028398
ESTACAO_METRO,86th St,40622687,-74028398
ESTACAO_METRO,95th St,40616622,-74030876
ESTACAO_METRO,95th St,40616622,-74030876
ESTACAO_METRO,95th St,40616622,-74030876
ESTACAO_METRO,7th Av,4067705,-73972367
ESTACAO_METRO,7th Av,4067705,-73972367
ESTACAO_METRO,Prospect Park,40661614,-73962246
ESTACAO_METRO,Parkside Av,40655292,-73961495
ESTACAO_METRO,Church Av,40650527,-73962982
ESTACAO_METRO,Beverly Rd,40644031,-73964492
ESTACAO_METRO,Cortelyou Rd,40640927,-73963891
ESTACAO_METRO,Newkirk Av,40635082,-73962793
ESTACAO_METRO,Av H,4062927,-73961639
ESTACAO_METRO,Av J,40625039,-73960803
ESTACAO_METRO,Av M,40617618,-73959399
ESTACAO_METRO,Kings Highway,4060867,-73957734
ESTACAO_METRO,Av U,405993,-73955929
ESTACAO_METRO,Neck Rd,40595246,-73955161
ESTACAO_METRO,Sheepshead Bay,40586896,-73954155
ESTACAO_METRO,Brighton Beach,40577621,-73961376
ESTACAO_METRO,Brighton Beach,40577621,-73961376
ESTACAO_METRO,Brighton Beach,40577621,-73961376
ESTACAO_METRO,Brighton Beach,40577621,-73961376
ESTACAO_METRO,Ocean Parkway,40576312,-73968501
ESTACAO_METRO,Ocean Parkway,40576312,-73968501
ESTACAO_METRO,Ocean Parkway,40576312,-73968501
ESTACAO_METRO,Ocean Parkway,40576312,-73968501
ESTACAO_METRO,West 8th St,40576127,-73975939
ESTACAO_METRO,West 8th St,40576127,-73975939
ESTACAO_METRO,Stillwell Av,40577422,-73981233
ESTACAO_METRO,9th Av,40646292,-73994324
ESTACAO_METRO,Fort Hamilton Parkway,40640914,-73994304
ESTACAO_METRO,Fort Hamilton Parkway,40640914,-73994304
ESTACAO_METRO,Fort Hamilton Parkway,40640914,-73994304
ESTACAO_METRO,Fort Hamilton Parkway,40640914,-73994304
ESTACAO_METRO,50th St,4063626,-73994791
ESTACAO_METRO,50th St,4063626,-73994791
ESTACAO_METRO,50th St,4063626,-73994791
ESTACAO_METRO,50th St,4063626,-73994791
ESTACAO_METRO,55th St,40631435,-73995476
ESTACAO_METRO,55th St,40631435,-73995476
ESTACAO_METRO,55th St,40631435,-73995476
ESTACAO_METRO,71st St,40619589,-73998864
ESTACAO_METRO,71st St,40619589,-73998864
ESTACAO_METRO,71st St,40619589,-73998864
ESTACAO_METRO,71st St,40619589,-73998864
ESTACAO_METRO,79th St,40613501,-7400061
ESTACAO_METRO,79th St,40613501,-7400061
ESTACAO_METRO,18th Av,40607954,-74001736
ESTACAO_METRO,18th Av,40607954,-74001736
ESTACAO_METRO,18th Av,40607954,-74001736
ESTACAO_METRO,20th Av,40604556,-73998168
ESTACAO_METRO,20th Av,40604556,-73998168
ESTACAO_METRO,20th Av,40604556,-73998168
ESTACAO_METRO,20th Av,40604556,-73998168
ESTACAO_METRO,Bay Parkway,40601875,-73993728
ESTACAO_METRO,Bay Parkway,40601875,-73993728
ESTACAO_METRO,Bay Parkway,40601875,-73993728
ESTACAO_METRO,Bay Parkway,40601875,-73993728
ESTACAO_METRO,25th Av,40597704,-73986829
ESTACAO_METRO,25th Av,40597704,-73986829
ESTACAO_METRO,25th Av,40597704,-73986829
ESTACAO_METRO,25th Av,40597704,-73986829
ESTACAO_METRO,Bay 50th St,40588841,-73983765
ESTACAO_METRO,Bay 50th St,40588841,-73983765
ESTACAO_METRO,Bay 50th St,40588841,-73983765
ESTACAO_METRO,Bay 50th St,40588841,-73983765
ESTACAO_METRO,8th Av,40635064,-74011719
ESTACAO_METRO,Fort Hamilton Parkway,40631386,-74005351
ESTACAO_METRO,New Utrecht Av,40624842,-73996353
ESTACAO_METRO,18th Av,40620671,-73990414
ESTACAO_METRO,20th Av,4061741,-73985026
ESTACAO_METRO,Bay Parkway-22nd Av,40611815,-73981848
ESTACAO_METRO,Kings Highway,40603923,-73980353
ESTACAO_METRO,Av U,"40,597,473","-73,979,137"
ESTACAO_METRO,86th St,40592721,-7397823
ESTACAO_METRO,121st St,40700492,-73828294
ESTACAO_METRO,121st St,40700492,-73828294
ESTACAO_METRO,111th St,40697418,-73836345
ESTACAO_METRO,111th St,40697418,-73836345
ESTACAO_METRO,104th St-102nd St,40695178,-7384433
ESTACAO_METRO,104th St-102nd St,40695178,-7384433
ESTACAO_METRO,Woodhaven Blvd,40693879,-73851576
ESTACAO_METRO,Woodhaven Blvd,40693879,-73851576
ESTACAO_METRO,Forest Parkway-85th St,40692435,-7386001
ESTACAO_METRO,Forest Parkway-85th St,40692435,-7386001
ESTACAO_METRO,Elderts Lane-75th St,40691324,-73867139
ESTACAO_METRO,Elderts Lane-75th St,40691324,-73867139
ESTACAO_METRO,Cypress Hills,40689941,-7387255
ESTACAO_METRO,Cypress Hills,40689941,-7387255
ESTACAO_METRO,Cypress Hills,40689941,-7387255
ESTACAO_METRO,Crescent St,40683194,-73873785
ESTACAO_METRO,Crescent St,40683194,-73873785
ESTACAO_METRO,Norwood Av,4068141,-73880039
ESTACAO_METRO,Norwood Av,4068141,-73880039
ESTACAO_METRO,Cleveland St,40679947,-73884639
ESTACAO_METRO,Cleveland St,40679947,-73884639
ESTACAO_METRO,Van Siclen Av,40678024,-73891688
ESTACAO_METRO,Van Siclen Av,40678024,-73891688
ESTACAO_METRO,Alabama Av,40676992,-73898654
ESTACAO_METRO,Alabama Av,40676992,-73898654
ESTACAO_METRO,Chauncey St,40682893,-73910456
ESTACAO_METRO,Chauncey St,40682893,-73910456
ESTACAO_METRO,Halsey St,4068637,-73916559
ESTACAO_METRO,Halsey St,4068637,-73916559
ESTACAO_METRO,Gates Av,4068963,-7392227
ESTACAO_METRO,Gates Av,4068963,-7392227
ESTACAO_METRO,Kosciusko St,40693342,-73928814
ESTACAO_METRO,Kosciusko St,40693342,-73928814
ESTACAO_METRO,Myrtle Av,40697207,-73935657
ESTACAO_METRO,Myrtle Av,40697207,-73935657
ESTACAO_METRO,Flushing Av,4070026,-73941126
ESTACAO_METRO,Flushing Av,4070026,-73941126
ESTACAO_METRO,Flushing Av,4070026,-73941126
ESTACAO_METRO,Flushing Av,4070026,-73941126
ESTACAO_METRO,Lorimer St,40703869,-73947408
ESTACAO_METRO,Lorimer St,40703869,-73947408
ESTACAO_METRO,Hewes St,4070687,-73953431
ESTACAO_METRO,Hewes St,4070687,-73953431
ESTACAO_METRO,Marcy Av,40708359,-73957757
ESTACAO_METRO,Marcy Av,40708359,-73957757
ESTACAO_METRO,Marcy Av,40708359,-73957757
ESTACAO_METRO,Essex St,40718315,-73987437
ESTACAO_METRO,Essex St,40718315,-73987437
ESTACAO_METRO,Bowery,4072028,-73993915
ESTACAO_METRO,Bowery,4072028,-73993915
ESTACAO_METRO,Metropolitan Av,40711396,-73889601
ESTACAO_METRO,Fresh Pond Rd,40706186,-73895877
ESTACAO_METRO,Fresh Pond Rd,40706186,-73895877
ESTACAO_METRO,Forest Av,40704423,-73903077
ESTACAO_METRO,Forest Av,40704423,-73903077
ESTACAO_METRO,Seneca Av,40702762,-7390774
ESTACAO_METRO,Seneca Av,40702762,-7390774
ESTACAO_METRO,Knickerbocker Av,40698664,-73919711
ESTACAO_METRO,Knickerbocker Av,40698664,-73919711
ESTACAO_METRO,Central Av,40697857,-73927397
ESTACAO_METRO,Central Av,40697857,-73927397
ESTACAO_METRO,8th Av,40739777,-74002578
ESTACAO_METRO,8th Av,40739777,-74002578
ESTACAO_METRO,3rd Av,40732849,-73986122
ESTACAO_METRO,3rd Av,40732849,-73986122
ESTACAO_METRO,1st Av,40730953,-73981628
ESTACAO_METRO,1st Av,40730953,-73981628
ESTACAO_METRO,Bedford Av,40717304,-73956872
ESTACAO_METRO,Bedford Av,40717304,-73956872
ESTACAO_METRO,Graham Av,40714565,-73944053
ESTACAO_METRO,Graham Av,40714565,-73944053
ESTACAO_METRO,Grand St,40711926,-7394067
ESTACAO_METRO,Grand St,40711926,-7394067
ESTACAO_METRO,Montrose Av,40707739,-7393985
ESTACAO_METRO,Montrose Av,40707739,-7393985
ESTACAO_METRO,Morgan Av,40706152,-73933147
ESTACAO_METRO,Morgan Av,40706152,-73933147
ESTACAO_METRO,Jefferson St,40706607,-73922913
ESTACAO_METRO,Jefferson St,40706607,-73922913
ESTACAO_METRO,Jefferson St,40706607,-73922913
ESTACAO_METRO,Jefferson St,40706607,-73922913
ESTACAO_METRO,DeKalb Av,40703811,-73918425
ESTACAO_METRO,DeKalb Av,40703811,-73918425
ESTACAO_METRO,DeKalb Av,40703811,-73918425
ESTACAO_METRO,DeKalb Av,40703811,-73918425
ESTACAO_METRO,Halsey St,40695602,-73904084
ESTACAO_METRO,Halsey St,40695602,-73904084
ESTACAO_METRO,Wilson Av,40688764,-73904046
ESTACAO_METRO,Bushwick Av,40682829,-73905249
ESTACAO_METRO,Atlantic Av,40675345,-73903097
ESTACAO_METRO,Atlantic Av,40675345,-73903097
ESTACAO_METRO,Atlantic Av,40675345,-73903097
ESTACAO_METRO,Sutter Av,40669367,-73901975
ESTACAO_METRO,Livonia Av,40664038,-73900571
ESTACAO_METRO,New Lots Av,40658733,-73899232
ESTACAO_METRO,East 105th St,"40,650,573","-73,899,485"
ESTACAO_METRO,East 105th St,"40,650,573","-73,899,485"
ESTACAO_METRO,Canarsie - Rockaway Parkway,40646654,-7390185
ESTACAO_METRO,Canarsie - Rockaway Parkway,40645757,-739025
ESTACAO_METRO,Canarsie - Rockaway Parkway,40645957,-73901741
ESTACAO_METRO,Franklin Av,40680596,-73955827
ESTACAO_METRO,Park Place,40674772,-73957624
ESTACAO_METRO,Park Place,40674772,-73957624
ESTACAO_METRO,Botanic Gardens,40670343,-73959245
ESTACAO_METRO,Inwood - 207th St,40868072,-73919899
ESTACAO_METRO,Inwood - 207th St,40868072,-73919899
ESTACAO_METRO,Inwood - 207th St,40868072,-73919899
ESTACAO_METRO,Inwood - 207th St,40868072,-73919899
ESTACAO_METRO,Dyckman St-200th St,40865491,-73927271
ESTACAO_METRO,Dyckman St-200th St,40865491,-73927271
ESTACAO_METRO,Dyckman St-200th St,40865491,-73927271
ESTACAO_METRO,190th St,40859022,-7393418
ESTACAO_METRO,190th St,40859022,-7393418
ESTACAO_METRO,181st St,40851695,-73937969
ESTACAO_METRO,181st St,40851695,-73937969
ESTACAO_METRO,175th St,40847391,-73939704
ESTACAO_METRO,175th St,40847391,-73939704
ESTACAO_METRO,175th St,40847391,-73939704
ESTACAO_METRO,175th St,40847391,-73939704
ESTACAO_METRO,175th St,40847391,-73939704
ESTACAO_METRO,168th St - Washington Heights,40840719,-73939561
ESTACAO_METRO,163rd St - Amsterdam Av,40836013,-73939892
ESTACAO_METRO,163rd St - Amsterdam Av,40836013,-73939892
ESTACAO_METRO,163rd St - Amsterdam Av,40836013,-73939892
ESTACAO_METRO,155th St,40830518,-73941514
ESTACAO_METRO,155th St,40830518,-73941514
ESTACAO_METRO,155th St,40830518,-73941514
ESTACAO_METRO,155th St,40830518,-73941514
ESTACAO_METRO,155th St,40830518,-73941514
ESTACAO_METRO,155th St,40830518,-73941514
ESTACAO_METRO,145th St,40824783,-73944216
ESTACAO_METRO,145th St,40824783,-73944216
ESTACAO_METRO,145th St,40824783,-73944216
ESTACAO_METRO,145th St,40824783,-73944216
ESTACAO_METRO,135th St,40817894,-73947649
ESTACAO_METRO,125th St,40811109,-73952343
ESTACAO_METRO,125th St,40811109,-73952343
ESTACAO_METRO,125th St,40811109,-73952343
ESTACAO_METRO,125th St,40811109,-73952343
ESTACAO_METRO,116th St,40805085,-73954882
ESTACAO_METRO,116th St,40805085,-73954882
ESTACAO_METRO,Cathedral Parkway-110th St,40800605,-73958158
ESTACAO_METRO,Cathedral Parkway-110th St,40800605,-73958158
ESTACAO_METRO,103rd St,40796092,-73961454
ESTACAO_METRO,96th St,40791646,-73964699
ESTACAO_METRO,86th St,40785868,-73968916
ESTACAO_METRO,86th St,40785868,-73968916
ESTACAO_METRO,86th St,40785868,-73968916
ESTACAO_METRO,81st St - Museum of Natural History,40781433,-73972143
ESTACAO_METRO,81st St - Museum of Natural History,40781433,-73972143
ESTACAO_METRO,72nd St,40775594,-7397641
ESTACAO_METRO,72nd St,40775594,-7397641
ESTACAO_METRO,59th St,40768296,-73981736
ESTACAO_METRO,59th St,40768296,-73981736
ESTACAO_METRO,59th St,40768296,-73981736
ESTACAO_METRO,59th St,40768296,-73981736
ESTACAO_METRO,59th St,40768296,-73981736
ESTACAO_METRO,59th St,40768296,-73981736
ESTACAO_METRO,59th St,40768296,-73981736
ESTACAO_METRO,59th St,40768296,-73981736
ESTACAO_METRO,59th St,40768296,-73981736
ESTACAO_METRO,59th St,40768296,-73981736
ESTACAO_METRO,50th St,40762456,-73985984
ESTACAO_METRO,50th St,40762456,-73985984
ESTACAO_METRO,50th St,40762456,-73985984
ESTACAO_METRO,50th St,40762456,-73985984
ESTACAO_METRO,50th St,40762456,-73985984
ESTACAO_METRO,50th St,40762456,-73985984
ESTACAO_METRO,50th St,40762456,-73985984
ESTACAO_METRO,42nd St,40757308,-73989735
ESTACAO_METRO,42nd St,40757308,-73989735
ESTACAO_METRO,42nd St,40757308,-73989735
ESTACAO_METRO,42nd St,40757308,-73989735
ESTACAO_METRO,34th St,40752287,-73993391
ESTACAO_METRO,34th St,40752287,-73993391
ESTACAO_METRO,34th St,40752287,-73993391
ESTACAO_METRO,23rd St,40745906,-73998041
ESTACAO_METRO,23rd St,40745906,-73998041
ESTACAO_METRO,14th St,40740893,-7400169
ESTACAO_METRO,14th St,40740893,-7400169
ESTACAO_METRO,14th St,40740893,-7400169
ESTACAO_METRO,14th St,40740893,-7400169
ESTACAO_METRO,14th St,40740893,-7400169
ESTACAO_METRO,West 4th St,40732338,-74000495
ESTACAO_METRO,West 4th St,40732338,-74000495
ESTACAO_METRO,West 4th St,40732338,-74000495
ESTACAO_METRO,Spring St,40726227,-74003739
ESTACAO_METRO,Canal St,40720824,-74005229
ESTACAO_METRO,Canal St,40720824,-74005229
ESTACAO_METRO,Canal St,40720824,-74005229
ESTACAO_METRO,Canal St,40720824,-74005229
ESTACAO_METRO,Chambers St,40714111,-74008585
ESTACAO_METRO,World Trade Center,40712582,-74009781
ESTACAO_METRO,World Trade Center,40712582,-74009781
ESTACAO_METRO,World Trade Center,40712582,-74009781
ESTACAO_METRO,World Trade Center,40712582,-74009781
ESTACAO_METRO,World Trade Center,40712582,-74009781
ESTACAO_METRO,World Trade Center,40712582,-74009781
ESTACAO_METRO,World Trade Center,40712582,-74009781
ESTACAO_METRO,World Trade Center,40712582,-74009781
ESTACAO_METRO,Broadway-Nassau,40710197,-74007691
ESTACAO_METRO,Broadway-Nassau,40710197,-74007691
ESTACAO_METRO,High St,40699337,-73990531
ESTACAO_METRO,Jay St - Borough Hall,40692338,-73987342
ESTACAO_METRO,Jay St - Borough Hall,40692338,-73987342
ESTACAO_METRO,Jay St - Borough Hall,40692338,-73987342
ESTACAO_METRO,Jay St - Borough Hall,40692338,-73987342
ESTACAO_METRO,Hoyt & Schermerhorn,40688484,-73985001
ESTACAO_METRO,Hoyt & Schermerhorn,40688484,-73985001
ESTACAO_METRO,Lafayette Av,40686113,-73973946
ESTACAO_METRO,Lafayette Av,40686113,-73973946
ESTACAO_METRO,Lafayette Av,40686113,-73973946
ESTACAO_METRO,Lafayette Av,40686113,-73973946
ESTACAO_METRO,Lafayette Av,40686113,-73973946
ESTACAO_METRO,Lafayette Av,40686113,-73973946
ESTACAO_METRO,Lafayette Av,40686113,-73973946
ESTACAO_METRO,Lafayette Av,40686113,-73973946
ESTACAO_METRO,Lafayette Av,40686113,-73973946
ESTACAO_METRO,Clinton & Washington Avs,40683263,-73965838
ESTACAO_METRO,Clinton & Washington Avs,40683263,-73965838
ESTACAO_METRO,Nostrand Av,40680438,-73950426
ESTACAO_METRO,Nostrand Av,40680438,-73950426
ESTACAO_METRO,Kingston-Throop,40679921,-73940858
ESTACAO_METRO,Kingston-Throop,40679921,-73940858
ESTACAO_METRO,Utica Av,40679364,-73930729
ESTACAO_METRO,Utica Av,40679364,-73930729
ESTACAO_METRO,Ralph Av,40678822,-73920786
ESTACAO_METRO,Ralph Av,40678822,-73920786
ESTACAO_METRO,Ralph Av,40678822,-73920786
ESTACAO_METRO,Rockaway Av,4067834,-73911946
ESTACAO_METRO,Rockaway Av,4067834,-73911946
ESTACAO_METRO,Broadway Junction-East New York,40678334,-73905316
ESTACAO_METRO,Liberty Av,40674542,-73896548
ESTACAO_METRO,Liberty Av,40674542,-73896548
ESTACAO_METRO,Liberty Av,40674542,-73896548
ESTACAO_METRO,Liberty Av,40674542,-73896548
ESTACAO_METRO,Van Siclen Av,4067271,-73890358
ESTACAO_METRO,Van Siclen Av,4067271,-73890358
ESTACAO_METRO,Van Siclen Av,4067271,-73890358
ESTACAO_METRO,Van Siclen Av,4067271,-73890358
ESTACAO_METRO,Shepherd Av,4067413,-7388075
ESTACAO_METRO,Shepherd Av,4067413,-7388075
ESTACAO_METRO,Shepherd Av,4067413,-7388075
ESTACAO_METRO,Shepherd Av,4067413,-7388075
ESTACAO_METRO,Euclid Av,40675377,-73872106
ESTACAO_METRO,Euclid Av,40675377,-73872106
ESTACAO_METRO,Euclid Av,40675377,-73872106
ESTACAO_METRO,Euclid Av,40675377,-73872106
ESTACAO_METRO,Euclid Av,40675377,-73872106
ESTACAO_METRO,Grant Av,40677044,-7386505
ESTACAO_METRO,80th St-Hudson St,40679371,-73858992
ESTACAO_METRO,80th St-Hudson St,40679371,-73858992
ESTACAO_METRO,88th St-Boyd Av,40679843,-7385147
ESTACAO_METRO,88th St-Boyd Av,40679843,-7385147
ESTACAO_METRO,Rockaway Blvd,40680429,-73843853
ESTACAO_METRO,Rockaway Blvd,40680429,-73843853
ESTACAO_METRO,104th St-Oxford Av,40681711,-73837683
ESTACAO_METRO,104th St-Oxford Av,40681711,-73837683
ESTACAO_METRO,111th St-Greenwood Av,40684331,-73832163
ESTACAO_METRO,111th St-Greenwood Av,40684331,-73832163
ESTACAO_METRO,Lefferts Blvd,40685951,-73825798
ESTACAO_METRO,Lefferts Blvd,40685951,-73825798
ESTACAO_METRO,Aqueduct-North Conduit Av,40668234,-73834058
ESTACAO_METRO,Howard Beach,40660476,-73830301
ESTACAO_METRO,Howard Beach,40660476,-73830301
ESTACAO_METRO,Howard Beach,40660476,-73830301
ESTACAO_METRO,Broad Channel,40608382,-73815925
ESTACAO_METRO,Beach 90th St,40588034,-73813641
ESTACAO_METRO,Beach 90th St,40588034,-73813641
ESTACAO_METRO,Beach 90th St,40588034,-73813641
ESTACAO_METRO,Beach 90th St,40588034,-73813641
ESTACAO_METRO,Beach 98th St,40585307,-73820558
ESTACAO_METRO,Beach 98th St,40585307,-73820558
ESTACAO_METRO,Beach 98th St,40585307,-73820558
ESTACAO_METRO,Beach 105th St,40583209,-73827559
ESTACAO_METRO,Beach 105th St,40583209,-73827559
ESTACAO_METRO,Beach 105th St,40583209,-73827559
ESTACAO_METRO,Beach 105th St,40583209,-73827559
ESTACAO_METRO,Rockaway Park-Beach 116th,40580903,-73835592
ESTACAO_METRO,Beach 67th St,40590927,-73796924
ESTACAO_METRO,Beach 67th St,40590927,-73796924
ESTACAO_METRO,Beach 67th St,40590927,-73796924
ESTACAO_METRO,Beach 67th St,40590927,-73796924
ESTACAO_METRO,Beach 60th St,40592374,-73788522
ESTACAO_METRO,Beach 60th St,40592374,-73788522
ESTACAO_METRO,Beach 60th St,40592374,-73788522
ESTACAO_METRO,Beach 60th St,40592374,-73788522
ESTACAO_METRO,Beach 44th St,40592943,-73776013
ESTACAO_METRO,Beach 44th St,40592943,-73776013
ESTACAO_METRO,Beach 44th St,40592943,-73776013
ESTACAO_METRO,Beach 44th St,40592943,-73776013
ESTACAO_METRO,Beach 36th St,40595398,-73768175
ESTACAO_METRO,Beach 36th St,40595398,-73768175
ESTACAO_METRO,Beach 36th St,40595398,-73768175
ESTACAO_METRO,Beach 36th St,40595398,-73768175
ESTACAO_METRO,Beach 25th St,40600066,-73761353
ESTACAO_METRO,Beach 25th St,40600066,-73761353
ESTACAO_METRO,Beach 25th St,40600066,-73761353
ESTACAO_METRO,Far Rockaway-Mott Av,40603995,-73755405
ESTACAO_METRO,Norwood-205th St,40874811,-73878855
ESTACAO_METRO,Norwood-205th St,40874811,-73878855
ESTACAO_METRO,Bedford Park Blvd,40873244,-73887138
ESTACAO_METRO,Bedford Park Blvd,40873244,-73887138
ESTACAO_METRO,Bedford Park Blvd,40873244,-73887138
ESTACAO_METRO,Kingsbridge Rd,40866978,-73893509
ESTACAO_METRO,Kingsbridge Rd,40866978,-73893509
ESTACAO_METRO,Fordham Rd,40861296,-73897749
ESTACAO_METRO,Fordham Rd,40861296,-73897749
ESTACAO_METRO,Fordham Rd,40861296,-73897749
ESTACAO_METRO,Fordham Rd,40861296,-73897749
ESTACAO_METRO,182nd-183rd Sts,40856093,-73900741
ESTACAO_METRO,182nd-183rd Sts,40856093,-73900741
ESTACAO_METRO,182nd-183rd Sts,40856093,-73900741
ESTACAO_METRO,182nd-183rd Sts,40856093,-73900741
ESTACAO_METRO,Tremont Av,4085041,-73905227
ESTACAO_METRO,Tremont Av,4085041,-73905227
ESTACAO_METRO,Tremont Av,4085041,-73905227
ESTACAO_METRO,174-175th Sts,408459,-73910136
ESTACAO_METRO,174-175th Sts,408459,-73910136
ESTACAO_METRO,170th St,40839306,-739134
ESTACAO_METRO,170th St,40839306,-739134
ESTACAO_METRO,167th St,40833769,-73918432
ESTACAO_METRO,167th St,40833769,-73918432
ESTACAO_METRO,167th St,40833769,-73918432
ESTACAO_METRO,167th St,40833769,-73918432
ESTACAO_METRO,Yankee Stadium-161st St,40827905,-73925651
ESTACAO_METRO,Yankee Stadium-161st St,40827905,-73925651
ESTACAO_METRO,Yankee Stadium-161st St,40827905,-73925651
ESTACAO_METRO,Yankee Stadium-161st St,40827905,-73925651
ESTACAO_METRO,Yankee Stadium-161st St,40827905,-73925651
ESTACAO_METRO,155th St,40830135,-73938209
ESTACAO_METRO,21st St,40754203,-73942836
ESTACAO_METRO,21st St,40754203,-73942836
ESTACAO_METRO,21st St,40754203,-73942836
ESTACAO_METRO,21st St,40754203,-73942836
ESTACAO_METRO,21st St,40754203,-73942836
ESTACAO_METRO,Roosevelt Island,40759145,-7395326
ESTACAO_METRO,Lexington Av,40764627,-7396611
ESTACAO_METRO,Lexington Av,40764627,-7396611
ESTACAO_METRO,Lexington Av,40764627,-7396611
ESTACAO_METRO,Lexington Av,40764627,-7396611
ESTACAO_METRO,Lexington Av,40764627,-7396611
ESTACAO_METRO,57th St,40763972,-7397745
ESTACAO_METRO,57th St,40763972,-7397745
ESTACAO_METRO,57th St,40763972,-7397745
ESTACAO_METRO,57th St,40763972,-7397745
ESTACAO_METRO,57th St,40763972,-7397745
ESTACAO_METRO,57th St,40763972,-7397745
ESTACAO_METRO,57th St,40763972,-7397745
ESTACAO_METRO,57th St,40763972,-7397745
ESTACAO_METRO,47-50th Sts Rockefeller Center,40758663,-73981329
ESTACAO_METRO,47-50th Sts Rockefeller Center,40758663,-73981329
ESTACAO_METRO,47-50th Sts Rockefeller Center,40758663,-73981329
ESTACAO_METRO,47-50th Sts Rockefeller Center,40758663,-73981329
ESTACAO_METRO,47-50th Sts Rockefeller Center,40758663,-73981329
ESTACAO_METRO,47-50th Sts Rockefeller Center,40758663,-73981329
ESTACAO_METRO,47-50th Sts Rockefeller Center,40758663,-73981329
ESTACAO_METRO,47-50th Sts Rockefeller Center,40758663,-73981329
ESTACAO_METRO,42nd St,40754222,-73984569
ESTACAO_METRO,42nd St,40754222,-73984569
ESTACAO_METRO,34th St,40749719,-73987823
ESTACAO_METRO,34th St,40749719,-73987823
ESTACAO_METRO,34th St,40749719,-73987823
ESTACAO_METRO,23rd St,40742878,-73992821
ESTACAO_METRO,23rd St,40742878,-73992821
ESTACAO_METRO,23rd St,40742878,-73992821
ESTACAO_METRO,23rd St,40742878,-73992821
ESTACAO_METRO,14th St,40738228,-73996209
ESTACAO_METRO,14th St,40738228,-73996209
ESTACAO_METRO,14th St,40738228,-73996209
ESTACAO_METRO,14th St,40738228,-73996209
ESTACAO_METRO,Broadway-Lafayette St,40725297,-73996204
ESTACAO_METRO,Broadway-Lafayette St,40725297,-73996204
ESTACAO_METRO,Grand St,40718267,-73993753
ESTACAO_METRO,Grand St,40718267,-73993753
ESTACAO_METRO,Grand St,40718267,-73993753
ESTACAO_METRO,2nd Av,40723402,-73989938
ESTACAO_METRO,2nd Av,40723402,-73989938
ESTACAO_METRO,Delancey St,40718611,-73988114
ESTACAO_METRO,Delancey St,40718611,-73988114
ESTACAO_METRO,East Broadway,40713715,-73990173
ESTACAO_METRO,York St,40699743,-73986885
ESTACAO_METRO,Bergen St,40686145,-73990862
ESTACAO_METRO,Bergen St,40686145,-73990862
ESTACAO_METRO,Carroll St,40680303,-73995048
ESTACAO_METRO,Carroll St,40680303,-73995048
ESTACAO_METRO,Smith-9th St,4067358,-73995959
ESTACAO_METRO,4th Av,40670272,-73989779
ESTACAO_METRO,4th Av,40670272,-73989779
ESTACAO_METRO,7th Av,40666271,-73980305
ESTACAO_METRO,7th Av,40666271,-73980305
ESTACAO_METRO,7th Av,40666271,-73980305
ESTACAO_METRO,7th Av,40666271,-73980305
ESTACAO_METRO,7th Av,40666271,-73980305
ESTACAO_METRO,7th Av,40666271,-73980305
ESTACAO_METRO,7th Av,40666271,-73980305
ESTACAO_METRO,7th Av,40666271,-73980305
ESTACAO_METRO,Prospect Park-15 St,40660365,-73979493
ESTACAO_METRO,Prospect Park-15 St,40660365,-73979493
ESTACAO_METRO,Fort Hamilton Parkway,40650782,-73975776
ESTACAO_METRO,Fort Hamilton Parkway,40650782,-73975776
ESTACAO_METRO,Fort Hamilton Parkway,40650782,-73975776
ESTACAO_METRO,Church Av,40644041,-73979678
ESTACAO_METRO,Church Av,40644041,-73979678
ESTACAO_METRO,Church Av,40644041,-73979678
ESTACAO_METRO,Church Av,40644041,-73979678
ESTACAO_METRO,Ditmas Av,40636119,-73978172
ESTACAO_METRO,Ditmas Av,40636119,-73978172
ESTACAO_METRO,18th Av,40629755,-73976971
ESTACAO_METRO,18th Av,40629755,-73976971
ESTACAO_METRO,Av I,40625322,-73976127
ESTACAO_METRO,Av I,40625322,-73976127
ESTACAO_METRO,Bay Parkway-22nd Av,40620769,-73975264
ESTACAO_METRO,Bay Parkway-22nd Av,40620769,-73975264
ESTACAO_METRO,Bay Parkway-22nd Av,40620769,-73975264
ESTACAO_METRO,Av N,4061514,-73974197
ESTACAO_METRO,Av N,4061514,-73974197
ESTACAO_METRO,Av P,40608944,-73973022
ESTACAO_METRO,Av P,40608944,-73973022
ESTACAO_METRO,Kings Highway,40603217,-73972361
ESTACAO_METRO,Kings Highway,40603217,-73972361
ESTACAO_METRO,Av U,40596063,-73973357
ESTACAO_METRO,Av U,40596063,-73973357
ESTACAO_METRO,Av X,4058962,-7397425
ESTACAO_METRO,Av X,4058962,-7397425
ESTACAO_METRO,Neptune Av-Van Siclen,40581011,-73974574
ESTACAO_METRO,Neptune Av-Van Siclen,40581011,-73974574
ESTACAO_METRO,Jamaica-179th St,40712646,-73783817
ESTACAO_METRO,Jamaica-179th St,40712646,-73783817
ESTACAO_METRO,Jamaica-179th St,40712646,-73783817
ESTACAO_METRO,Jamaica-179th St,40712646,-73783817
ESTACAO_METRO,Jamaica-179th St,40712646,-73783817
ESTACAO_METRO,Jamaica-179th St,40712646,-73783817
ESTACAO_METRO,Jamaica-179th St,40712646,-73783817
ESTACAO_METRO,Jamaica-179th St,40712646,-73783817
ESTACAO_METRO,Jamaica-179th St,40712646,-73783817
ESTACAO_METRO,Jamaica-179th St,40712646,-73783817
ESTACAO_METRO,169th St,4071047,-73793604
ESTACAO_METRO,169th St,4071047,-73793604
ESTACAO_METRO,169th St,4071047,-73793604
ESTACAO_METRO,169th St,4071047,-73793604
ESTACAO_METRO,Parsons Blvd,40707564,-73803326
ESTACAO_METRO,Parsons Blvd,40707564,-73803326
ESTACAO_METRO,Parsons Blvd,40707564,-73803326
ESTACAO_METRO,Sutphin Blvd,4070546,-73810708
ESTACAO_METRO,Sutphin Blvd,4070546,-73810708
ESTACAO_METRO,Sutphin Blvd,4070546,-73810708
ESTACAO_METRO,Briarwood-Van Wyck Blvd,40709179,-73820574
ESTACAO_METRO,Briarwood-Van Wyck Blvd,40709179,-73820574
ESTACAO_METRO,Briarwood-Van Wyck Blvd,40709179,-73820574
ESTACAO_METRO,Kew Gardens-Union Turnpike,40714441,-73831008
ESTACAO_METRO,Kew Gardens-Union Turnpike,40714441,-73831008
ESTACAO_METRO,Kew Gardens-Union Turnpike,40714441,-73831008
ESTACAO_METRO,Kew Gardens-Union Turnpike,40714441,-73831008
ESTACAO_METRO,75th Av,40718331,-73837324
ESTACAO_METRO,75th Av,40718331,-73837324
ESTACAO_METRO,75th Av,40718331,-73837324
ESTACAO_METRO,Forest Hills-71st Av,40721691,-73844521
ESTACAO_METRO,Forest Hills-71st Av,40721691,-73844521
ESTACAO_METRO,67th Av,40726523,-73852719
ESTACAO_METRO,67th Av,40726523,-73852719
ESTACAO_METRO,63rd Drive-Rego Park,40729846,-73861604
ESTACAO_METRO,63rd Drive-Rego Park,40729846,-73861604
ESTACAO_METRO,Woodhaven Blvd,40733106,-73869229
ESTACAO_METRO,Woodhaven Blvd,40733106,-73869229
ESTACAO_METRO,Woodhaven Blvd,40733106,-73869229
ESTACAO_METRO,Grand Av-Newtown,40737015,-73877223
ESTACAO_METRO,Grand Av-Newtown,40737015,-73877223
ESTACAO_METRO,Grand Av-Newtown,40737015,-73877223
ESTACAO_METRO,Grand Av-Newtown,40737015,-73877223
ESTACAO_METRO,Grand Av-Newtown,40737015,-73877223
ESTACAO_METRO,Elmhurst Av,40742454,-73882017
ESTACAO_METRO,Elmhurst Av,40742454,-73882017
ESTACAO_METRO,Elmhurst Av,40742454,-73882017
ESTACAO_METRO,Elmhurst Av,40742454,-73882017
ESTACAO_METRO,Elmhurst Av,40742454,-73882017
ESTACAO_METRO,Jackson Heights-Roosevelt Ave,40746644,-73891338
ESTACAO_METRO,Jackson Heights-Roosevelt Ave,40746644,-73891338
ESTACAO_METRO,65th St,40749669,-73898453
ESTACAO_METRO,65th St,40749669,-73898453
ESTACAO_METRO,Northern Blvd,40752885,-73906006
ESTACAO_METRO,46th St,40756312,-73913333
ESTACAO_METRO,Steinway St,40756879,-7392074
ESTACAO_METRO,Steinway St,40756879,-7392074
ESTACAO_METRO,36th St,40752039,-73928781
ESTACAO_METRO,36th St,40752039,-73928781
ESTACAO_METRO,Queens Plaza,"40,748,973","-73,937,243"
ESTACAO_METRO,Queens Plaza,"40,748,973","-73,937,243"
ESTACAO_METRO,Queens Plaza,"40,748,973","-73,937,243"
ESTACAO_METRO,Queens Plaza,"40,748,973","-73,937,243"
ESTACAO_METRO,Queens Plaza,"40,748,973","-73,937,243"
ESTACAO_METRO,23rd St-Ely Av,40747846,-73946
ESTACAO_METRO,23rd St-Ely Av,40747846,-73946
ESTACAO_METRO,23rd St-Ely Av,40747846,-73946
ESTACAO_METRO,Lexington Av-53rd St,40757552,-73969055
ESTACAO_METRO,Lexington Av-53rd St,40757552,-73969055
ESTACAO_METRO,5th Av-53rd St,40760167,-73975224
ESTACAO_METRO,5th Av-53rd St,40760167,-73975224
ESTACAO_METRO,5th Av-53rd St,40760167,-73975224
ESTACAO_METRO,7th Av,40762862,-73981637
ESTACAO_METRO,7th Av,40762862,-73981637
ESTACAO_METRO,Parsons Blvd-Archer Av - Jamaica Center,40702147,-73801109
ESTACAO_METRO,Parsons Blvd-Archer Av - Jamaica Center,40702147,-73801109
ESTACAO_METRO,Parsons Blvd-Archer Av - Jamaica Center,40702147,-73801109
ESTACAO_METRO,Parsons Blvd-Archer Av - Jamaica Center,40702147,-73801109
ESTACAO_METRO,Parsons Blvd-Archer Av - Jamaica Center,40702147,-73801109
ESTACAO_METRO,Parsons Blvd-Archer Av - Jamaica Center,40702147,-73801109
ESTACAO_METRO,Parsons Blvd-Archer Av - Jamaica Center,40702147,-73801109
ESTACAO_METRO,Sutphin Blvd-Archer Av - JFK,40700486,-73807969
ESTACAO_METRO,Sutphin Blvd-Archer Av - JFK,40700486,-73807969
ESTACAO_METRO,Sutphin Blvd-Archer Av - JFK,40700486,-73807969
ESTACAO_METRO,Sutphin Blvd-Archer Av - JFK,40700486,-73807969
ESTACAO_METRO,Jamaica-Van Wyck,40702566,-73816859
ESTACAO_METRO,Jamaica-Van Wyck,40702566,-73816859
ESTACAO_METRO,Jamaica-Van Wyck,40702566,-73816859
ESTACAO_METRO,Long Island City-Court Square,40746554,-73943832
ESTACAO_METRO,21st St,40744065,-73949724
ESTACAO_METRO,21st St,40744065,-73949724
ESTACAO_METRO,21st St,40744065,-73949724
ESTACAO_METRO,Greenpoint Av,40731352,-73954449
ESTACAO_METRO,Greenpoint Av,40731352,-73954449
ESTACAO_METRO,Greenpoint Av,40731352,-73954449
ESTACAO_METRO,Nassau Av,40724635,-73951277
ESTACAO_METRO,Nassau Av,40724635,-73951277
ESTACAO_METRO,Nassau Av,40724635,-73951277
ESTACAO_METRO,Nassau Av,40724635,-73951277
ESTACAO_METRO,Metropolitan Av,40712792,-73951418
ESTACAO_METRO,Metropolitan Av,40712792,-73951418
ESTACAO_METRO,Broadway,40706092,-73950308
ESTACAO_METRO,Broadway,40706092,-73950308
ESTACAO_METRO,Broadway,40706092,-73950308
ESTACAO_METRO,Broadway,40706092,-73950308
ESTACAO_METRO,Flushing Av,40700377,-73950234
ESTACAO_METRO,Myrtle-Willoughby Avs,40694568,-73949046
ESTACAO_METRO,Bedford-Nostrand Avs,40689627,-73953522
ESTACAO_METRO,Bedford-Nostrand Avs,40689627,-73953522
ESTACAO_METRO,Classon Av,"40,688,873","-7,396,007"
ESTACAO_METRO,Classon Av,"40,688,873","-7,396,007"
ESTACAO_METRO,Classon Av,"40,688,873","-7,396,007"
ESTACAO_METRO,Clinton-Washington Avs,40688089,-73966839
ESTACAO_METRO,Clinton-Washington Avs,40688089,-73966839
ESTACAO_METRO,Clinton-Washington Avs,40688089,-73966839
ESTACAO_METRO,Clinton-Washington Avs,40688089,-73966839
ESTACAO_METRO,Clinton-Washington Avs,40688089,-73966839
ESTACAO_METRO,Clinton-Washington Avs,40688089,-73966839
ESTACAO_METRO,Clinton-Washington Avs,40688089,-73966839
ESTACAO_METRO,Clinton-Washington Avs,40688089,-73966839
ESTACAO_METRO,Fulton St,40687119,-73975375
ESTACAO_METRO,Fulton St,40687119,-73975375
ESTACAO_METRO,Van Cortlandt Park-242nd St,40889248,-73898583
ESTACAO_METRO,Van Cortlandt Park-242nd St,40889248,-73898583
ESTACAO_METRO,Van Cortlandt Park-242nd St,40889248,-73898583
ESTACAO_METRO,Van Cortlandt Park-242nd St,40889248,-73898583
ESTACAO_METRO,238th St,40884667,-7390087
ESTACAO_METRO,231st St,40878856,-73904834
ESTACAO_METRO,231st St,40878856,-73904834
ESTACAO_METRO,Marble Hill-225th St,40874561,-73909831
ESTACAO_METRO,215th St,40869444,-73915279
ESTACAO_METRO,215th St,40869444,-73915279
ESTACAO_METRO,207th St,40864614,-73918819
ESTACAO_METRO,207th St,40864614,-73918819
ESTACAO_METRO,Dyckman St,40860531,-73925536
ESTACAO_METRO,Dyckman St,40860531,-73925536
ESTACAO_METRO,191st St,40855225,-73929412
ESTACAO_METRO,191st St,40855225,-73929412
ESTACAO_METRO,181st St,40849505,-73933596
ESTACAO_METRO,181st St,40849505,-73933596
ESTACAO_METRO,157th St,40834041,-7394489
ESTACAO_METRO,157th St,40834041,-7394489
ESTACAO_METRO,145th St,40826551,-7395036
ESTACAO_METRO,137th St-City College,40822008,-73953676
ESTACAO_METRO,137th St-City College,40822008,-73953676
ESTACAO_METRO,125th St,40815581,-73958372
ESTACAO_METRO,125th St,40815581,-73958372
ESTACAO_METRO,125th St,40815581,-73958372
ESTACAO_METRO,125th St,40815581,-73958372
ESTACAO_METRO,116th St-Columbia University,40807722,-7396411
ESTACAO_METRO,116th St-Columbia University,40807722,-7396411
ESTACAO_METRO,116th St-Columbia University,40807722,-7396411
ESTACAO_METRO,116th St-Columbia University,40807722,-7396411
ESTACAO_METRO,Cathedral Parkway-110th St,40803967,-73966847
ESTACAO_METRO,103rd St,40799446,-73968379
ESTACAO_METRO,103rd St,40799446,-73968379
ESTACAO_METRO,103rd St,40799446,-73968379
ESTACAO_METRO,103rd St,40799446,-73968379
ESTACAO_METRO,86th St,40788644,-73976218
ESTACAO_METRO,86th St,40788644,-73976218
ESTACAO_METRO,79th St,40783934,-73979917
ESTACAO_METRO,79th St,40783934,-73979917
ESTACAO_METRO,72nd St,40778453,-7398197
ESTACAO_METRO,72nd St,40778453,-7398197
ESTACAO_METRO,66th St-Lincoln Center,4077344,-73982209
ESTACAO_METRO,66th St-Lincoln Center,4077344,-73982209
ESTACAO_METRO,66th St-Lincoln Center,4077344,-73982209
ESTACAO_METRO,50th St,40761728,-73983849
ESTACAO_METRO,50th St,40761728,-73983849
ESTACAO_METRO,50th St,40761728,-73983849
ESTACAO_METRO,50th St,40761728,-73983849
ESTACAO_METRO,Times Square,4075529,-73987495
ESTACAO_METRO,Times Square,4075529,-73987495
ESTACAO_METRO,34th St,"40,750,373","-73,991,057"
ESTACAO_METRO,23rd St,40744081,-73995657
ESTACAO_METRO,23rd St,40744081,-73995657
ESTACAO_METRO,18th St,4074104,-73997871
ESTACAO_METRO,18th St,4074104,-73997871
ESTACAO_METRO,14th St,40737826,-74000201
ESTACAO_METRO,14th St,40737826,-74000201
ESTACAO_METRO,14th St,40737826,-74000201
ESTACAO_METRO,Christopher St,40733422,-74002906
ESTACAO_METRO,Houston St,40728251,-74005367
ESTACAO_METRO,Houston St,40728251,-74005367
ESTACAO_METRO,Canal St,40722854,-74006277
ESTACAO_METRO,Canal St,40722854,-74006277
ESTACAO_METRO,Franklin St,40719318,-74006886
ESTACAO_METRO,Chambers St,40715478,-74009266
ESTACAO_METRO,Chambers St,40715478,-74009266
ESTACAO_METRO,Chambers St,40715478,-74009266
ESTACAO_METRO,Chambers St,40715478,-74009266
ESTACAO_METRO,Chambers St,40715478,-74009266
ESTACAO_METRO,Rector St,40707513,-74013783
ESTACAO_METRO,Park Place,40713051,-74008811
ESTACAO_METRO,Fulton St,40709416,-74006571
ESTACAO_METRO,Wall St,40706821,-740091
ESTACAO_METRO,Wall St,40706821,-740091
ESTACAO_METRO,Clark St,40697466,-73993086
ESTACAO_METRO,Clark St,40697466,-73993086
ESTACAO_METRO,Borough Hall,40693219,-73989998
ESTACAO_METRO,Borough Hall,40693219,-73989998
ESTACAO_METRO,Borough Hall,40693219,-73989998
ESTACAO_METRO,Borough Hall,40693219,-73989998
ESTACAO_METRO,Hoyt St,40690545,-73985065
ESTACAO_METRO,Nevins St,40688246,-73980492
ESTACAO_METRO,Nevins St,40688246,-73980492
ESTACAO_METRO,Atlantic Av-Barclays Ctr,40684359,-73977666
ESTACAO_METRO,Bergen St,40680829,-73975098
ESTACAO_METRO,Bergen St,40680829,-73975098
ESTACAO_METRO,Grand Army Plaza,40675235,-73971046
ESTACAO_METRO,Grand Army Plaza,40675235,-73971046
ESTACAO_METRO,Grand Army Plaza,40675235,-73971046
ESTACAO_METRO,Grand Army Plaza,40675235,-73971046
ESTACAO_METRO,Eastern Parkway-Brooklyn Museum,40671987,-73964375
ESTACAO_METRO,Eastern Parkway-Brooklyn Museum,40671987,-73964375
ESTACAO_METRO,Franklin Av,40670682,-73958131
ESTACAO_METRO,Franklin Av,40670682,-73958131
ESTACAO_METRO,Franklin Av,40670682,-73958131
ESTACAO_METRO,Franklin Av,40670682,-73958131
ESTACAO_METRO,Nostrand Av,40669847,-73950466
ESTACAO_METRO,Nostrand Av,40669847,-73950466
ESTACAO_METRO,Kingston Av,40669399,-73942161
ESTACAO_METRO,Kingston Av,40669399,-73942161
ESTACAO_METRO,Utica Av,40668897,-73932942
ESTACAO_METRO,Utica Av,40668897,-73932942
ESTACAO_METRO,Utica Av,40668897,-73932942
ESTACAO_METRO,Utica Av,40668897,-73932942
ESTACAO_METRO,Utica Av,40668897,-73932942
ESTACAO_METRO,Sutter Av,40664717,-7392261
ESTACAO_METRO,Sutter Av,40664717,-7392261
ESTACAO_METRO,Sutter Av,40664717,-7392261
ESTACAO_METRO,Saratoga Av,40661453,-73916327
ESTACAO_METRO,Saratoga Av,40661453,-73916327
ESTACAO_METRO,Saratoga Av,40661453,-73916327
ESTACAO_METRO,Rockaway Av,40662549,-73908946
ESTACAO_METRO,Rockaway Av,40662549,-73908946
ESTACAO_METRO,Junius St,40663515,-73902447
ESTACAO_METRO,Junius St,40663515,-73902447
ESTACAO_METRO,Pennsylvania Av,40664635,-73894895
ESTACAO_METRO,Pennsylvania Av,40664635,-73894895
ESTACAO_METRO,Van Siclen Av,40665449,-73889395
ESTACAO_METRO,Van Siclen Av,40665449,-73889395
ESTACAO_METRO,New Lots Av,40666235,-73884079
ESTACAO_METRO,New Lots Av,40666235,-73884079
ESTACAO_METRO,President St,40667883,-73950683
ESTACAO_METRO,President St,40667883,-73950683
ESTACAO_METRO,Sterling St,40662742,-7395085
ESTACAO_METRO,Sterling St,40662742,-7395085
ESTACAO_METRO,Winthrop St,40656652,-739502
ESTACAO_METRO,Church Av,40650843,-73949575
ESTACAO_METRO,Church Av,40650843,-73949575
ESTACAO_METRO,Church Av,40650843,-73949575
ESTACAO_METRO,Beverly Rd,40645098,-73948959
ESTACAO_METRO,Newkirk Av,40639967,-73948411
ESTACAO_METRO,Flatbush Av-Brooklyn College,40632836,-73947642
ESTACAO_METRO,Flatbush Av-Brooklyn College,40632836,-73947642
ESTACAO_METRO,Flatbush Av-Brooklyn College,40632836,-73947642
ESTACAO_METRO,Flatbush Av-Brooklyn College,40632836,-73947642
ESTACAO_METRO,Flatbush Av-Brooklyn College,40632836,-73947642
ESTACAO_METRO,Pelham Bay Park,40852462,-73828121
ESTACAO_METRO,Pelham Bay Park,40852462,-73828121
ESTACAO_METRO,Pelham Bay Park,40852462,-73828121
ESTACAO_METRO,Pelham Bay Park,40852462,-73828121
ESTACAO_METRO,Pelham Bay Park,40852462,-73828121
ESTACAO_METRO,Buhre Av,4084681,-73832569
ESTACAO_METRO,Buhre Av,4084681,-73832569
ESTACAO_METRO,Buhre Av,4084681,-73832569
ESTACAO_METRO,Middletown Rd,40843863,-73836322
ESTACAO_METRO,Middletown Rd,40843863,-73836322
ESTACAO_METRO,Westchester Square-East Tremont Av,40839892,-73842952
ESTACAO_METRO,Zerega Av,40836488,-73847036
ESTACAO_METRO,Zerega Av,40836488,-73847036
ESTACAO_METRO,Castle Hill Av,40834255,-73851222
ESTACAO_METRO,Castle Hill Av,40834255,-73851222
ESTACAO_METRO,Parkchester-East 177th St,40833226,-73860816
ESTACAO_METRO,St Lawrence Av,40831509,-73867618
ESTACAO_METRO,St Lawrence Av,40831509,-73867618
ESTACAO_METRO,Morrison Av-Soundview Av,40829521,-73874516
ESTACAO_METRO,Morrison Av-Soundview Av,40829521,-73874516
ESTACAO_METRO,Morrison Av-Soundview Av,40829521,-73874516
ESTACAO_METRO,Elder Av,40828584,-73879159
ESTACAO_METRO,Elder Av,40828584,-73879159
ESTACAO_METRO,Whitlock Av,40826525,-73886283
ESTACAO_METRO,Whitlock Av,40826525,-73886283
ESTACAO_METRO,Hunts Point Av,40820948,-73890549
ESTACAO_METRO,Hunts Point Av,40820948,-73890549
ESTACAO_METRO,Longwood Av,40816104,-73896435
ESTACAO_METRO,Longwood Av,40816104,-73896435
ESTACAO_METRO,East 149th St,40812118,-73904098
ESTACAO_METRO,East 149th St,40812118,-73904098
ESTACAO_METRO,East 143rd St-St Mary's St,40808719,-73907657
ESTACAO_METRO,East 143rd St-St Mary's St,40808719,-73907657
ESTACAO_METRO,Cypress Av,40805368,-73914042
ESTACAO_METRO,Cypress Av,40805368,-73914042
ESTACAO_METRO,Brook Av,40807566,-7391924
ESTACAO_METRO,Brook Av,40807566,-7391924
ESTACAO_METRO,138th St-3rd Ave,40810476,-73926138
ESTACAO_METRO,138th St-3rd Ave,40810476,-73926138
ESTACAO_METRO,138th St-3rd Ave,40810476,-73926138
ESTACAO_METRO,138th St-3rd Ave,40810476,-73926138
ESTACAO_METRO,Woodlawn,40886037,-73878751
ESTACAO_METRO,Woodlawn,40886037,-73878751
ESTACAO_METRO,Mosholu Parkway,4087975,-73884655
ESTACAO_METRO,Mosholu Parkway,4087975,-73884655
ESTACAO_METRO,Bedford Park Blvd-Lehman College,40873412,-73890064
ESTACAO_METRO,Kingsbridge Rd,4086776,-73897174
ESTACAO_METRO,Kingsbridge Rd,4086776,-73897174
ESTACAO_METRO,Kingsbridge Rd,4086776,-73897174
ESTACAO_METRO,Fordham Rd,40862803,-73901034
ESTACAO_METRO,Fordham Rd,40862803,-73901034
ESTACAO_METRO,Fordham Rd,40862803,-73901034
ESTACAO_METRO,Fordham Rd,40862803,-73901034
ESTACAO_METRO,183rd St,40858407,-73903879
ESTACAO_METRO,183rd St,40858407,-73903879
ESTACAO_METRO,183rd St,40858407,-73903879
ESTACAO_METRO,Burnside Av,40853453,-73907684
ESTACAO_METRO,Burnside Av,40853453,-73907684
ESTACAO_METRO,Burnside Av,40853453,-73907684
ESTACAO_METRO,Burnside Av,40853453,-73907684
ESTACAO_METRO,176th St,4084848,-73911794
ESTACAO_METRO,176th St,4084848,-73911794
ESTACAO_METRO,Mt Eden Av,40844434,-73914685
ESTACAO_METRO,Mt Eden Av,40844434,-73914685
ESTACAO_METRO,170th St,40840075,-73917791
ESTACAO_METRO,170th St,40840075,-73917791
ESTACAO_METRO,170th St,40840075,-73917791
ESTACAO_METRO,167th St,40835537,-739214
ESTACAO_METRO,167th St,40835537,-739214
ESTACAO_METRO,167th St,40835537,-739214
ESTACAO_METRO,167th St,40835537,-739214
ESTACAO_METRO,149th St-Grand Concourse,40818375,-73927351
ESTACAO_METRO,149th St-Grand Concourse,40818375,-73927351
ESTACAO_METRO,138th St,40813224,-73929849
ESTACAO_METRO,138th St,40813224,-73929849
ESTACAO_METRO,138th St,40813224,-73929849
ESTACAO_METRO,125th St,40804138,-73937594
ESTACAO_METRO,125th St,40804138,-73937594
ESTACAO_METRO,125th St,40804138,-73937594
ESTACAO_METRO,125th St,40804138,-73937594
ESTACAO_METRO,125th St,40804138,-73937594
ESTACAO_METRO,116th St,40798629,-73941617
ESTACAO_METRO,116th St,40798629,-73941617
ESTACAO_METRO,110th St,4079502,-7394425
ESTACAO_METRO,110th St,4079502,-7394425
ESTACAO_METRO,103rd St,407906,-73947478
ESTACAO_METRO,103rd St,407906,-73947478
ESTACAO_METRO,96th St,40785672,-7395107
ESTACAO_METRO,96th St,40785672,-7395107
ESTACAO_METRO,96th St,40785672,-7395107
ESTACAO_METRO,96th St,40785672,-7395107
ESTACAO_METRO,86th St,40779492,-73955589
ESTACAO_METRO,86th St,40779492,-73955589
ESTACAO_METRO,86th St,40779492,-73955589
ESTACAO_METRO,86th St,40779492,-73955589
ESTACAO_METRO,77th St,4077362,-73959874
ESTACAO_METRO,77th St,4077362,-73959874
ESTACAO_METRO,77th St,4077362,-73959874
ESTACAO_METRO,77th St,4077362,-73959874
ESTACAO_METRO,68th St-Hunter College,40768141,-7396387
ESTACAO_METRO,68th St-Hunter College,40768141,-7396387
ESTACAO_METRO,68th St-Hunter College,40768141,-7396387
ESTACAO_METRO,68th St-Hunter College,40768141,-7396387
ESTACAO_METRO,68th St-Hunter College,40768141,-7396387
ESTACAO_METRO,59th St,40762526,-73967967
ESTACAO_METRO,51st St,40757107,-7397192
ESTACAO_METRO,51st St,40757107,-7397192
ESTACAO_METRO,51st St,40757107,-7397192
ESTACAO_METRO,51st St,40757107,-7397192
ESTACAO_METRO,33rd St,40746081,-73982076
ESTACAO_METRO,33rd St,40746081,-73982076
ESTACAO_METRO,33rd St,40746081,-73982076
ESTACAO_METRO,28th St,4074307,-73984264
ESTACAO_METRO,28th St,4074307,-73984264
ESTACAO_METRO,28th St,4074307,-73984264
ESTACAO_METRO,28th St,4074307,-73984264
ESTACAO_METRO,23rd St,40739864,-73986599
ESTACAO_METRO,23rd St,40739864,-73986599
ESTACAO_METRO,23rd St,40739864,-73986599
ESTACAO_METRO,14th St-Union Square,"40,734,673","-73,989,951"
ESTACAO_METRO,14th St-Union Square,"40,734,673","-73,989,951"
ESTACAO_METRO,14th St-Union Square,"40,734,673","-73,989,951"
ESTACAO_METRO,Astor Place,40730054,-7399107
ESTACAO_METRO,Bleecker St,40725915,-73994659
ESTACAO_METRO,Bleecker St,40725915,-73994659
ESTACAO_METRO,Bleecker St,40725915,-73994659
ESTACAO_METRO,Bleecker St,40725915,-73994659
ESTACAO_METRO,Bleecker St,40725915,-73994659
ESTACAO_METRO,Spring St,40722301,-73997141
ESTACAO_METRO,Spring St,40722301,-73997141
ESTACAO_METRO,Canal St,40718803,-74000193
ESTACAO_METRO,Canal St,40718803,-74000193
ESTACAO_METRO,Brooklyn Bridge-City Hall,40712868,-74004806
ESTACAO_METRO,Brooklyn Bridge-City Hall,40712723,-74004971
ESTACAO_METRO,Brooklyn Bridge-City Hall,40712333,-74004387
ESTACAO_METRO,Brooklyn Bridge-City Hall,40711857,-74005114
ESTACAO_METRO,Brooklyn Bridge-City Hall,40711824,-74005057
ESTACAO_METRO,Brooklyn Bridge-City Hall,40713813,-74003907
ESTACAO_METRO,Brooklyn Bridge-City Hall,40713889,-74003654
ESTACAO_METRO,Wall St,40707557,-74011862
ESTACAO_METRO,Wall St,40707557,-74011862
ESTACAO_METRO,Wall St,40707557,-74011862
ESTACAO_METRO,Bowling Green,40704817,-74014065
ESTACAO_METRO,Bowling Green,40704817,-74014065
ESTACAO_METRO,Borough Hall,40692404,-73990151
ESTACAO_METRO,Borough Hall,40692404,-73990151
ESTACAO_METRO,Borough Hall,40692404,-73990151
ESTACAO_METRO,Borough Hall,40692404,-73990151
ESTACAO_METRO,Wakefield-241st St,40903125,-7385062
ESTACAO_METRO,Wakefield-241st St,40903125,-7385062
ESTACAO_METRO,Wakefield-241st St,40903125,-7385062
ESTACAO_METRO,238th St-Nereid Av,40898379,-73854376
ESTACAO_METRO,238th St-Nereid Av,40898379,-73854376
ESTACAO_METRO,233rd St,40893193,-73857473
ESTACAO_METRO,233rd St,40893193,-73857473
ESTACAO_METRO,225th St,40888022,-73860341
ESTACAO_METRO,225th St,40888022,-73860341
ESTACAO_METRO,225th St,40888022,-73860341
ESTACAO_METRO,219th St,40883895,-73862633
ESTACAO_METRO,219th St,40883895,-73862633
ESTACAO_METRO,Gun Hill Rd,4087785,-73866256
ESTACAO_METRO,Gun Hill Rd,4087785,-73866256
ESTACAO_METRO,Burke Av,40871356,-73867164
ESTACAO_METRO,Burke Av,40871356,-73867164
ESTACAO_METRO,Allerton Av,40865462,-73867352
ESTACAO_METRO,Allerton Av,40865462,-73867352
ESTACAO_METRO,Pelham Parkway,40857192,-73867615
ESTACAO_METRO,Pelham Parkway,40857192,-73867615
ESTACAO_METRO,Pelham Parkway,40857192,-73867615
ESTACAO_METRO,Bronx Park East,40848828,-73868457
ESTACAO_METRO,Bronx Park East,40848828,-73868457
ESTACAO_METRO,Bronx Park East,40848828,-73868457
ESTACAO_METRO,East 180th St,40841894,-73873488
ESTACAO_METRO,East 180th St,40841894,-73873488
ESTACAO_METRO,East Tremont Av-West Farms Sq,40840295,-73880049
ESTACAO_METRO,East Tremont Av-West Farms Sq,40840295,-73880049
ESTACAO_METRO,East Tremont Av-West Farms Sq,40840295,-73880049
ESTACAO_METRO,East Tremont Av-West Farms Sq,40840295,-73880049
ESTACAO_METRO,East Tremont Av-West Farms Sq,40840295,-73880049
ESTACAO_METRO,174th St,40837288,-73887734
ESTACAO_METRO,174th St,40837288,-73887734
ESTACAO_METRO,Freeman St,40829993,-73891865
ESTACAO_METRO,Freeman St,40829993,-73891865
ESTACAO_METRO,Simpson St,"40,824,073","-73,893,064"
ESTACAO_METRO,Simpson St,"40,824,073","-73,893,064"
ESTACAO_METRO,Simpson St,"40,824,073","-73,893,064"
ESTACAO_METRO,Intervale Av,40822181,-73896736
ESTACAO_METRO,Intervale Av,40822181,-73896736
ESTACAO_METRO,Intervale Av,40822181,-73896736
ESTACAO_METRO,Prospect Av,40819585,-7390177
ESTACAO_METRO,Prospect Av,40819585,-7390177
ESTACAO_METRO,Jackson Av,4081649,-73907807
ESTACAO_METRO,Jackson Av,4081649,-73907807
ESTACAO_METRO,Jackson Av,4081649,-73907807
ESTACAO_METRO,Jackson Av,4081649,-73907807
ESTACAO_METRO,149th St-3rd Av,40816109,-73917757
ESTACAO_METRO,149th St-3rd Av,40816109,-73917757
ESTACAO_METRO,149th St-3rd Av,40816109,-73917757
ESTACAO_METRO,149th St-3rd Av,40816109,-73917757
ESTACAO_METRO,Harlem-148th St,4082388,-7393647
ESTACAO_METRO,145th St,40820421,-73936245
ESTACAO_METRO,145th St,40820421,-73936245
ESTACAO_METRO,135th St,40814229,-7394077
ESTACAO_METRO,135th St,40814229,-7394077
ESTACAO_METRO,125th St,40807754,-73945495
ESTACAO_METRO,125th St,40807754,-73945495
ESTACAO_METRO,116th St,40802098,-73949625
ESTACAO_METRO,116th St,40802098,-73949625
ESTACAO_METRO,110th St-Central Park North,40799075,-73951822
ESTACAO_METRO,Flushing-Main St,407596,-7383003
ESTACAO_METRO,Flushing-Main St,407596,-7383003
ESTACAO_METRO,Flushing-Main St,407596,-7383003
ESTACAO_METRO,Flushing-Main St,407596,-7383003
ESTACAO_METRO,Flushing-Main St,407596,-7383003
ESTACAO_METRO,Mets - Willets Point,40754622,-73845625
ESTACAO_METRO,Mets - Willets Point,40754622,-73845625
ESTACAO_METRO,Mets - Willets Point,40754622,-73845625
ESTACAO_METRO,Mets - Willets Point,40754622,-73845625
ESTACAO_METRO,111th St,"4,075,173","-73,855,334"
ESTACAO_METRO,111th St,"4,075,173","-73,855,334"
ESTACAO_METRO,111th St,"4,075,173","-73,855,334"
ESTACAO_METRO,103rd St,40749865,-738627
ESTACAO_METRO,103rd St,40749865,-738627
ESTACAO_METRO,103rd St,40749865,-738627
ESTACAO_METRO,103rd St,40749865,-738627
ESTACAO_METRO,Junction Blvd,40749145,-73869527
ESTACAO_METRO,Junction Blvd,40749145,-73869527
ESTACAO_METRO,Junction Blvd,40749145,-73869527
ESTACAO_METRO,Junction Blvd,40749145,-73869527
ESTACAO_METRO,Junction Blvd,40749145,-73869527
ESTACAO_METRO,90th St Elmhurst,40748408,-73876613
ESTACAO_METRO,90th St Elmhurst,40748408,-73876613
ESTACAO_METRO,90th St Elmhurst,40748408,-73876613
ESTACAO_METRO,82nd St-Jackson Heights,40747659,-73883697
ESTACAO_METRO,82nd St-Jackson Heights,40747659,-73883697
ESTACAO_METRO,82nd St-Jackson Heights,40747659,-73883697
ESTACAO_METRO,Fisk Av-69th St,40746325,-73896403
ESTACAO_METRO,Fisk Av-69th St,40746325,-73896403
ESTACAO_METRO,Woodside Av-61st St,4074563,-73902984
ESTACAO_METRO,Woodside Av-61st St,4074563,-73902984
ESTACAO_METRO,Woodside Av-61st St,4074563,-73902984
ESTACAO_METRO,Lincoln Av-52nd St,40744149,-73912549
ESTACAO_METRO,Lincoln Av-52nd St,40744149,-73912549
ESTACAO_METRO,Lincoln Av-52nd St,40744149,-73912549
ESTACAO_METRO,Lincoln Av-52nd St,40744149,-73912549
ESTACAO_METRO,Bliss St-46th St,40743132,-73918435
ESTACAO_METRO,Bliss St-46th St,40743132,-73918435
ESTACAO_METRO,Bliss St-46th St,40743132,-73918435
ESTACAO_METRO,Bliss St-46th St,40743132,-73918435
ESTACAO_METRO,Lowery St-40th St,40743781,-73924016
ESTACAO_METRO,Lowery St-40th St,40743781,-73924016
ESTACAO_METRO,Lowery St-40th St,40743781,-73924016
ESTACAO_METRO,Lowery St-40th St,40743781,-73924016
ESTACAO_METRO,Rawson St-33rd St,40744587,-73930997
ESTACAO_METRO,Rawson St-33rd St,40744587,-73930997
ESTACAO_METRO,Rawson St-33rd St,40744587,-73930997
ESTACAO_METRO,Rawson St-33rd St,40744587,-73930997
ESTACAO_METRO,Queensboro Plaza,40750582,-73940202
ESTACAO_METRO,Queensboro Plaza,40750582,-73940202
ESTACAO_METRO,45 Rd-Court House Sq,40747023,-73945264
ESTACAO_METRO,45 Rd-Court House Sq,40747023,-73945264
ESTACAO_METRO,45 Rd-Court House Sq,40747023,-73945264
ESTACAO_METRO,Hunters Point,40742216,-73948916
ESTACAO_METRO,Hunters Point,40742216,-73948916
ESTACAO_METRO,Hunters Point,40742216,-73948916
ESTACAO_METRO,Vernon Blvd-Jackson Av,40742626,-73953581
ESTACAO_METRO,Vernon Blvd-Jackson Av,40742626,-73953581
ESTACAO_METRO,5th Av,40753821,-73981963
ESTACAO_METRO,South Ferry,40702068,-74013664
ESTACAO_METRO,South Ferry,40702068,-74013664
ESTACAO_METRO,South Ferry,40702068,-74013664
ESTACAO_METRO,South Ferry,40702068,-74013664
ESTACAO_METRO,Lexington Av,4076266,-73967258
ESTACAO_METRO,Lexington Av,4076266,-73967258
ESTACAO_METRO,Lexington Av,4076266,-73967258
ESTACAO_METRO,Lexington Av,4076266,-73967258
ESTACAO_METRO,5th Av,40764811,-73973347
ESTACAO_METRO,5th Av,40764811,-73973347
ESTACAO_METRO,5th Av,40764811,-73973347
ESTACAO_METRO,57th St,40764664,-73980658
ESTACAO_METRO,57th St,40764664,-73980658
ESTACAO_METRO,57th St,40764664,-73980658
ESTACAO_METRO,57th St,40764664,-73980658
ESTACAO_METRO,49th St,40759901,-73984139
ESTACAO_METRO,49th St,40759901,-73984139
ESTACAO_METRO,49th St,40759901,-73984139
ESTACAO_METRO,49th St,40759901,-73984139
ESTACAO_METRO,49th St,40759901,-73984139
ESTACAO_METRO,Times Square-42nd St,40754672,-73986754
ESTACAO_METRO,Times Square-42nd St,40754672,-73986754
ESTACAO_METRO,Times Square-42nd St,40754672,-73986754
ESTACAO_METRO,Times Square-42nd St,40754672,-73986754
ESTACAO_METRO,34th St,40749567,-7398795
ESTACAO_METRO,34th St,40749567,-7398795
ESTACAO_METRO,34th St,40749567,-7398795
ESTACAO_METRO,34th St,40749567,-7398795
ESTACAO_METRO,28th St,40745494,-73988691
ESTACAO_METRO,28th St,40745494,-73988691
ESTACAO_METRO,23rd St,40741303,-73989344
ESTACAO_METRO,23rd St,40741303,-73989344
ESTACAO_METRO,23rd St,40741303,-73989344
ESTACAO_METRO,23rd St,40741303,-73989344
ESTACAO_METRO,Union Square,40735736,-73990568
ESTACAO_METRO,Union Square,40735736,-73990568
ESTACAO_METRO,8th St,40730328,-73992629
ESTACAO_METRO,8th St,40730328,-73992629
ESTACAO_METRO,8th St,40730328,-73992629
ESTACAO_METRO,8th St,40730328,-73992629
ESTACAO_METRO,8th St,40730328,-73992629
ESTACAO_METRO,Prince St,40724329,-73997702
ESTACAO_METRO,Prince St,40724329,-73997702
ESTACAO_METRO,Canal St (UL),40719527,-74001775
ESTACAO_METRO,Canal St (UL),40719527,-74001775
ESTACAO_METRO,Canal St (UL),40719527,-74001775
ESTACAO_METRO,Canal St (UL),40719527,-74001775
ESTACAO_METRO,Cortlandt St,40710668,-74011029
ESTACAO_METRO,Cortlandt St,40710668,-74011029
ESTACAO_METRO,Rector St,4070722,-74013342
ESTACAO_METRO,Rector St,4070722,-74013342
ESTACAO_METRO,Rector St,4070722,-74013342
ESTACAO_METRO,Rector St,4070722,-74013342
ESTACAO_METRO,Rector St,4070722,-74013342
ESTACAO_METRO,Rector St,4070722,-74013342
ESTACAO_METRO,Whitehall St,40703087,-74012994
ESTACAO_METRO,Whitehall St,40703087,-74012994
ESTACAO_METRO,Whitehall St,40703087,-74012994
ESTACAO_METRO,Court St,406941,-73991777
ESTACAO_METRO,Court St,406941,-73991777
ESTACAO_METRO,Court St,406941,-73991777
ESTACAO_METRO,Lawrence St,4069218,-73985942
ESTACAO_METRO,Lawrence St,4069218,-73985942
ESTACAO_METRO,Lawrence St,4069218,-73985942
ESTACAO_METRO,DeKalb Av,40690635,-73981824
ESTACAO_METRO,DeKalb Av,40690635,-73981824
ESTACAO_METRO,Union St,40677316,-7398311
ESTACAO_METRO,9th St,40670847,-73988302
ESTACAO_METRO,Prospect Av,40665414,-73992872
ESTACAO_METRO,25th St,40660397,-73998091
ESTACAO_METRO,53rd St,40645069,-74014034
ESTACAO_METRO,59th St,40641362,-74017881
ESTACAO_METRO,59th St,40641362,-74017881
ESTACAO_METRO,Bay Ridge Av,40634967,-74023377
ESTACAO_METRO,77th St,40629742,-7402551
ESTACAO_METRO,86th St,40622687,-74028398
ESTACAO_METRO,95th St,40616622,-74030876
ESTACAO_METRO,95th St,40616622,-74030876
ESTACAO_METRO,Atlantic Av,4068446,-7397689
ESTACAO_METRO,Prospect Park,40661614,-73962246
ESTACAO_METRO,Prospect Park,40661614,-73962246
ESTACAO_METRO,Parkside Av,40655292,-73961495
ESTACAO_METRO,Church Av,40650527,-73962982
ESTACAO_METRO,Av J,40625039,-73960803
ESTACAO_METRO,Av J,40625039,-73960803
ESTACAO_METRO,Av M,40617618,-73959399
ESTACAO_METRO,Kings Highway,4060867,-73957734
ESTACAO_METRO,Sheepshead Bay,40586896,-73954155
ESTACAO_METRO,Brighton Beach,40577621,-73961376
ESTACAO_METRO,Brighton Beach,40577621,-73961376
ESTACAO_METRO,Brighton Beach,40577621,-73961376
ESTACAO_METRO,Brighton Beach,40577621,-73961376
ESTACAO_METRO,Ocean Parkway,40576312,-73968501
ESTACAO_METRO,Ocean Parkway,40576312,-73968501
ESTACAO_METRO,West 8th St,40576127,-73975939
ESTACAO_METRO,West 8th St,40576127,-73975939
ESTACAO_METRO,Stillwell Av,40577422,-73981233
ESTACAO_METRO,62nd St,40626472,-73996895
ESTACAO_METRO,62nd St,40626472,-73996895
ESTACAO_METRO,62nd St,40626472,-73996895
ESTACAO_METRO,Fort Hamilton Parkway,40631386,-74005351
ESTACAO_METRO,New Utrecht Av,40624842,-73996353
ESTACAO_METRO,18th Av,40620671,-73990414
ESTACAO_METRO,Bay Parkway-22nd Av,40611815,-73981848
ESTACAO_METRO,Kings Highway,40603923,-73980353
ESTACAO_METRO,Av U,"40,597,473","-73,979,137"
ESTACAO_METRO,121st St,40700492,-73828294
ESTACAO_METRO,Woodhaven Blvd,40693879,-73851576
ESTACAO_METRO,Marcy Av,40708359,-73957757
ESTACAO_METRO,Marcy Av,40708359,-73957757
ESTACAO_METRO,Marcy Av,40708359,-73957757
ESTACAO_METRO,Marcy Av,40708359,-73957757
ESTACAO_METRO,Marcy Av,40708359,-73957757
ESTACAO_METRO,Canal St,40718092,-73999892
ESTACAO_METRO,Chambers St,40713243,-74003401
ESTACAO_METRO,Chambers St,4071419,-74003199
ESTACAO_METRO,Fulton St,40710374,-74007582
ESTACAO_METRO,Fulton St,40710374,-74007582
ESTACAO_METRO,Fulton St,40710374,-74007582
ESTACAO_METRO,Fulton St,40710374,-74007582
ESTACAO_METRO,Fulton St,40710374,-74007582
ESTACAO_METRO,Fulton St,40710374,-74007582
ESTACAO_METRO,Broad St,40706476,-74011056
ESTACAO_METRO,Broad St,40706476,-74011056
ESTACAO_METRO,Broad St,40706476,-74011056
ESTACAO_METRO,Broad St,40706476,-74011056
ESTACAO_METRO,Broad St,40706476,-74011056
ESTACAO_METRO,6th Av,40737335,-73996786
ESTACAO_METRO,6th Av,40737335,-73996786
ESTACAO_METRO,Union Square,40734789,-7399073
ESTACAO_METRO,Union Square,40734789,-7399073
ESTACAO_METRO,3rd Av,40732849,-73986122
ESTACAO_METRO,3rd Av,40732849,-73986122
ESTACAO_METRO,1st Av,40730953,-73981628
ESTACAO_METRO,1st Av,40730953,-73981628
ESTACAO_METRO,Bedford Av,40717304,-73956872
ESTACAO_METRO,Bedford Av,40717304,-73956872
ESTACAO_METRO,Lorimer St,40714063,-73950275
ESTACAO_METRO,Lorimer St,40714063,-73950275
ESTACAO_METRO,Graham Av,40714565,-73944053
ESTACAO_METRO,Graham Av,40714565,-73944053
ESTACAO_METRO,Grand St,40711926,-7394067
ESTACAO_METRO,Grand St,40711926,-7394067
ESTACAO_METRO,DeKalb Av,40703811,-73918425
ESTACAO_METRO,DeKalb Av,40703811,-73918425
ESTACAO_METRO,Myrtle Av,40699814,-73911586
ESTACAO_METRO,Myrtle Av,40699814,-73911586
ESTACAO_METRO,Myrtle Av,40699814,-73911586
ESTACAO_METRO,Halsey St,40695602,-73904084
ESTACAO_METRO,Halsey St,40695602,-73904084
ESTACAO_METRO,Livonia Av,40664038,-73900571
ESTACAO_METRO,Inwood - 207th St,40868072,-73919899
ESTACAO_METRO,Inwood - 207th St,40868072,-73919899
ESTACAO_METRO,Dyckman St-200th St,40865491,-73927271
ESTACAO_METRO,Dyckman St-200th St,40865491,-73927271
ESTACAO_METRO,Dyckman St-200th St,40865491,-73927271
ESTACAO_METRO,Dyckman St-200th St,40865491,-73927271
ESTACAO_METRO,181st St,40851695,-73937969
ESTACAO_METRO,181st St,40851695,-73937969
ESTACAO_METRO,181st St,40851695,-73937969
ESTACAO_METRO,175th St,40847391,-73939704
ESTACAO_METRO,175th St,40847391,-73939704
ESTACAO_METRO,168th St - Washington Heights,40840719,-73939561
ESTACAO_METRO,168th St - Washington Heights,40840719,-73939561
ESTACAO_METRO,168th St - Washington Heights,40840719,-73939561
ESTACAO_METRO,145th St,40824783,-73944216
ESTACAO_METRO,145th St,40824783,-73944216
ESTACAO_METRO,135th St,40817894,-73947649
ESTACAO_METRO,135th St,40817894,-73947649
ESTACAO_METRO,135th St,40817894,-73947649
ESTACAO_METRO,135th St,40817894,-73947649
ESTACAO_METRO,135th St,40817894,-73947649
ESTACAO_METRO,125th St,40811109,-73952343
ESTACAO_METRO,125th St,40811109,-73952343
ESTACAO_METRO,116th St,40805085,-73954882
ESTACAO_METRO,116th St,40805085,-73954882
ESTACAO_METRO,Cathedral Parkway-110th St,40800605,-73958158
ESTACAO_METRO,96th St,40791646,-73964699
ESTACAO_METRO,96th St,40791646,-73964699
ESTACAO_METRO,86th St,40785868,-73968916
ESTACAO_METRO,86th St,40785868,-73968916
ESTACAO_METRO,81st St - Museum of Natural History,40781433,-73972143
ESTACAO_METRO,81st St - Museum of Natural History,40781433,-73972143
ESTACAO_METRO,72nd St,40775594,-7397641
ESTACAO_METRO,59th St,40768296,-73981736
ESTACAO_METRO,50th St,40762456,-73985984
ESTACAO_METRO,50th St,40762456,-73985984
ESTACAO_METRO,42nd St,40757308,-73989735
ESTACAO_METRO,42nd St,40757308,-73989735
ESTACAO_METRO,42nd St,40757308,-73989735
ESTACAO_METRO,34th St,40752287,-73993391
ESTACAO_METRO,34th St,40752287,-73993391
ESTACAO_METRO,34th St,40752287,-73993391
ESTACAO_METRO,34th St,40752287,-73993391
ESTACAO_METRO,34th St,40752287,-73993391
ESTACAO_METRO,34th St,40752287,-73993391
ESTACAO_METRO,34th St,40752287,-73993391
ESTACAO_METRO,34th St,40752287,-73993391
ESTACAO_METRO,23rd St,40745906,-73998041
ESTACAO_METRO,23rd St,40745906,-73998041
ESTACAO_METRO,23rd St,40745906,-73998041
ESTACAO_METRO,23rd St,40745906,-73998041
ESTACAO_METRO,23rd St,40745906,-73998041
ESTACAO_METRO,23rd St,40745906,-73998041
ESTACAO_METRO,23rd St,40745906,-73998041
ESTACAO_METRO,23rd St,40745906,-73998041
ESTACAO_METRO,23rd St,40745906,-73998041
ESTACAO_METRO,West 4th St,40732338,-74000495
ESTACAO_METRO,West 4th St,40732338,-74000495
ESTACAO_METRO,West 4th St,40732338,-74000495
ESTACAO_METRO,Spring St,40726227,-74003739
ESTACAO_METRO,Spring St,40726227,-74003739
ESTACAO_METRO,Canal St,40720824,-74005229
ESTACAO_METRO,Chambers St,40714111,-74008585
ESTACAO_METRO,Chambers St,40714111,-74008585
ESTACAO_METRO,Chambers St,40714111,-74008585
ESTACAO_METRO,Chambers St,40714111,-74008585
ESTACAO_METRO,Chambers St,40714111,-74008585
ESTACAO_METRO,Chambers St,40714111,-74008585
ESTACAO_METRO,Chambers St,40714111,-74008585
ESTACAO_METRO,High St,40699337,-73990531
ESTACAO_METRO,High St,40699337,-73990531
ESTACAO_METRO,Jay St - Borough Hall,40692338,-73987342
ESTACAO_METRO,Jay St - Borough Hall,40692338,-73987342
ESTACAO_METRO,Jay St - Borough Hall,40692338,-73987342
ESTACAO_METRO,Jay St - Borough Hall,40692338,-73987342
ESTACAO_METRO,Jay St - Borough Hall,40692338,-73987342
ESTACAO_METRO,Jay St - Borough Hall,40692338,-73987342
ESTACAO_METRO,Jay St - Borough Hall,40692338,-73987342
ESTACAO_METRO,Clinton & Washington Avs,40683263,-73965838
ESTACAO_METRO,Clinton & Washington Avs,40683263,-73965838
ESTACAO_METRO,Franklin Av,4068138,-73956848
ESTACAO_METRO,Nostrand Av,40680438,-73950426
ESTACAO_METRO,Nostrand Av,40680438,-73950426
ESTACAO_METRO,Kingston-Throop,40679921,-73940858
ESTACAO_METRO,Kingston-Throop,40679921,-73940858
ESTACAO_METRO,Utica Av,40679364,-73930729
ESTACAO_METRO,Utica Av,40679364,-73930729
ESTACAO_METRO,Rockaway Av,4067834,-73911946
ESTACAO_METRO,Rockaway Av,4067834,-73911946
ESTACAO_METRO,80th St-Hudson St,40679371,-73858992
ESTACAO_METRO,80th St-Hudson St,40679371,-73858992
ESTACAO_METRO,Rockaway Blvd,40680429,-73843853
ESTACAO_METRO,Rockaway Blvd,40680429,-73843853
ESTACAO_METRO,111th St-Greenwood Av,40684331,-73832163
ESTACAO_METRO,111th St-Greenwood Av,40684331,-73832163
ESTACAO_METRO,Lefferts Blvd,40685951,-73825798
ESTACAO_METRO,Lefferts Blvd,40685951,-73825798
ESTACAO_METRO,Aqueduct-North Conduit Av,40668234,-73834058
ESTACAO_METRO,Howard Beach,40660476,-73830301
ESTACAO_METRO,Norwood-205th St,40874811,-73878855
ESTACAO_METRO,Norwood-205th St,40874811,-73878855
ESTACAO_METRO,Bedford Park Blvd,40873244,-73887138
ESTACAO_METRO,Bedford Park Blvd,40873244,-73887138
ESTACAO_METRO,Kingsbridge Rd,40866978,-73893509
ESTACAO_METRO,Kingsbridge Rd,40866978,-73893509
ESTACAO_METRO,Kingsbridge Rd,40866978,-73893509
ESTACAO_METRO,Fordham Rd,40861296,-73897749
ESTACAO_METRO,Fordham Rd,40861296,-73897749
ESTACAO_METRO,Tremont Av,4085041,-73905227
ESTACAO_METRO,Tremont Av,4085041,-73905227
ESTACAO_METRO,174-175th Sts,408459,-73910136
ESTACAO_METRO,174-175th Sts,408459,-73910136
ESTACAO_METRO,170th St,40839306,-739134
ESTACAO_METRO,170th St,40839306,-739134
ESTACAO_METRO,170th St,40839306,-739134
ESTACAO_METRO,167th St,40833769,-73918432
ESTACAO_METRO,Yankee Stadium-161st St,40827905,-73925651
ESTACAO_METRO,Yankee Stadium-161st St,40827905,-73925651
ESTACAO_METRO,Yankee Stadium-161st St,40827905,-73925651
ESTACAO_METRO,47-50th Sts Rockefeller Center,40758663,-73981329
ESTACAO_METRO,47-50th Sts Rockefeller Center,40758663,-73981329
ESTACAO_METRO,47-50th Sts Rockefeller Center,40758663,-73981329
ESTACAO_METRO,47-50th Sts Rockefeller Center,40758663,-73981329
ESTACAO_METRO,47-50th Sts Rockefeller Center,40758663,-73981329
ESTACAO_METRO,47-50th Sts Rockefeller Center,40758663,-73981329
ESTACAO_METRO,47-50th Sts Rockefeller Center,40758663,-73981329
ESTACAO_METRO,47-50th Sts Rockefeller Center,40758663,-73981329
ESTACAO_METRO,47-50th Sts Rockefeller Center,40758663,-73981329
ESTACAO_METRO,42nd St,40754222,-73984569
ESTACAO_METRO,42nd St,40754222,-73984569
ESTACAO_METRO,42nd St,40754222,-73984569
ESTACAO_METRO,42nd St,40754222,-73984569
ESTACAO_METRO,42nd St,40754222,-73984569
ESTACAO_METRO,42nd St,40754222,-73984569
ESTACAO_METRO,42nd St,40754222,-73984569
ESTACAO_METRO,34th St,40749719,-73987823
ESTACAO_METRO,34th St,40749719,-73987823
ESTACAO_METRO,34th St,40749719,-73987823
ESTACAO_METRO,34th St,40749719,-73987823
ESTACAO_METRO,34th St,40749719,-73987823
ESTACAO_METRO,23rd St,40742878,-73992821
ESTACAO_METRO,23rd St,40742878,-73992821
ESTACAO_METRO,23rd St,40742878,-73992821
ESTACAO_METRO,23rd St,40742878,-73992821
ESTACAO_METRO,14th St,40738228,-73996209
ESTACAO_METRO,14th St,40738228,-73996209
ESTACAO_METRO,14th St,40738228,-73996209
ESTACAO_METRO,14th St,40738228,-73996209
ESTACAO_METRO,14th St,40738228,-73996209
ESTACAO_METRO,14th St,40738228,-73996209
ESTACAO_METRO,Broadway-Lafayette St,40725297,-73996204
ESTACAO_METRO,2nd Av,40723402,-73989938
ESTACAO_METRO,2nd Av,40723402,-73989938
ESTACAO_METRO,Delancey St,40718611,-73988114
ESTACAO_METRO,Delancey St,40718611,-73988114
ESTACAO_METRO,East Broadway,40713715,-73990173
ESTACAO_METRO,East Broadway,40713715,-73990173
ESTACAO_METRO,East Broadway,40713715,-73990173
ESTACAO_METRO,Bergen St,40686145,-73990862
ESTACAO_METRO,Bergen St,40686145,-73990862
ESTACAO_METRO,Bergen St,40686145,-73990862
ESTACAO_METRO,Bergen St,40686145,-73990862
ESTACAO_METRO,Carroll St,40680303,-73995048
ESTACAO_METRO,Carroll St,40680303,-73995048
ESTACAO_METRO,Carroll St,40680303,-73995048
ESTACAO_METRO,Prospect Park-15 St,40660365,-73979493
ESTACAO_METRO,Prospect Park-15 St,40660365,-73979493
ESTACAO_METRO,Prospect Park-15 St,40660365,-73979493
ESTACAO_METRO,Prospect Park-15 St,40660365,-73979493
ESTACAO_METRO,Fort Hamilton Parkway,40650782,-73975776
ESTACAO_METRO,Church Av,40644041,-73979678
ESTACAO_METRO,Church Av,40644041,-73979678
ESTACAO_METRO,Ditmas Av,40636119,-73978172
ESTACAO_METRO,Ditmas Av,40636119,-73978172
ESTACAO_METRO,18th Av,40629755,-73976971
ESTACAO_METRO,18th Av,40629755,-73976971
ESTACAO_METRO,Av N,4061514,-73974197
ESTACAO_METRO,Av N,4061514,-73974197
ESTACAO_METRO,Kings Highway,40603217,-73972361
ESTACAO_METRO,Kings Highway,40603217,-73972361
ESTACAO_METRO,Jamaica-179th St,40712646,-73783817
ESTACAO_METRO,Jamaica-179th St,40712646,-73783817
ESTACAO_METRO,Jamaica-179th St,40712646,-73783817
ESTACAO_METRO,Jamaica-179th St,40712646,-73783817
ESTACAO_METRO,Jamaica-179th St,40712646,-73783817
ESTACAO_METRO,Jamaica-179th St,40712646,-73783817
ESTACAO_METRO,169th St,4071047,-73793604
ESTACAO_METRO,169th St,4071047,-73793604
ESTACAO_METRO,169th St,4071047,-73793604
ESTACAO_METRO,169th St,4071047,-73793604
ESTACAO_METRO,Parsons Blvd,40707564,-73803326
ESTACAO_METRO,Parsons Blvd,40707564,-73803326
ESTACAO_METRO,Parsons Blvd,40707564,-73803326
ESTACAO_METRO,Sutphin Blvd,4070546,-73810708
ESTACAO_METRO,Sutphin Blvd,4070546,-73810708
ESTACAO_METRO,Kew Gardens-Union Turnpike,40714441,-73831008
ESTACAO_METRO,Kew Gardens-Union Turnpike,40714441,-73831008
ESTACAO_METRO,Kew Gardens-Union Turnpike,40714441,-73831008
ESTACAO_METRO,Kew Gardens-Union Turnpike,40714441,-73831008
ESTACAO_METRO,Forest Hills-71st Av,40721691,-73844521
ESTACAO_METRO,Forest Hills-71st Av,40721691,-73844521
ESTACAO_METRO,Forest Hills-71st Av,40721691,-73844521
ESTACAO_METRO,67th Av,40726523,-73852719
ESTACAO_METRO,67th Av,40726523,-73852719
ESTACAO_METRO,Woodhaven Blvd,40733106,-73869229
ESTACAO_METRO,Jackson Heights-Roosevelt Ave,40746644,-73891338
ESTACAO_METRO,Jackson Heights-Roosevelt Ave,40746644,-73891338
ESTACAO_METRO,Northern Blvd,40752885,-73906006
ESTACAO_METRO,46th St,40756312,-73913333
ESTACAO_METRO,46th St,40756312,-73913333
ESTACAO_METRO,46th St,40756312,-73913333
ESTACAO_METRO,Steinway St,40756879,-7392074
ESTACAO_METRO,Steinway St,40756879,-7392074
ESTACAO_METRO,36th St,40752039,-73928781
ESTACAO_METRO,36th St,40752039,-73928781
ESTACAO_METRO,36th St,40752039,-73928781
ESTACAO_METRO,Queens Plaza,"40,748,973","-73,937,243"
ESTACAO_METRO,Queens Plaza,"40,748,973","-73,937,243"
ESTACAO_METRO,23rd St-Ely Av,40747846,-73946
ESTACAO_METRO,Lexington Av-53rd St,40757552,-73969055
ESTACAO_METRO,Lexington Av-53rd St,40757552,-73969055
ESTACAO_METRO,5th Av-53rd St,40760167,-73975224
ESTACAO_METRO,5th Av-53rd St,40760167,-73975224
ESTACAO_METRO,7th Av,40762862,-73981637
ESTACAO_METRO,7th Av,40762862,-73981637
ESTACAO_METRO,Parsons Blvd-Archer Av - Jamaica Center,40702147,-73801109
ESTACAO_METRO,Parsons Blvd-Archer Av - Jamaica Center,40702147,-73801109
ESTACAO_METRO,Parsons Blvd-Archer Av - Jamaica Center,40702147,-73801109
ESTACAO_METRO,Greenpoint Av,40731352,-73954449
ESTACAO_METRO,Greenpoint Av,40731352,-73954449
ESTACAO_METRO,Nassau Av,40724635,-73951277
ESTACAO_METRO,Nassau Av,40724635,-73951277
ESTACAO_METRO,Metropolitan Av,40712792,-73951418
ESTACAO_METRO,Metropolitan Av,40712792,-73951418
ESTACAO_METRO,Flushing Av,40700377,-73950234
ESTACAO_METRO,Myrtle-Willoughby Avs,40694568,-73949046
ESTACAO_METRO,Bedford-Nostrand Avs,40689627,-73953522
ESTACAO_METRO,Bedford-Nostrand Avs,40689627,-73953522
ESTACAO_METRO,Bedford-Nostrand Avs,40689627,-73953522
ESTACAO_METRO,Bedford-Nostrand Avs,40689627,-73953522
ESTACAO_METRO,238th St,40884667,-7390087
ESTACAO_METRO,231st St,40878856,-73904834
ESTACAO_METRO,231st St,40878856,-73904834
ESTACAO_METRO,Marble Hill-225th St,40874561,-73909831
ESTACAO_METRO,215th St,40869444,-73915279
ESTACAO_METRO,207th St,40864614,-73918819
ESTACAO_METRO,168th St,40840556,-73940133
ESTACAO_METRO,168th St,40840556,-73940133
ESTACAO_METRO,157th St,40834041,-7394489
ESTACAO_METRO,157th St,40834041,-7394489
ESTACAO_METRO,145th St,40826551,-7395036
ESTACAO_METRO,145th St,40826551,-7395036
ESTACAO_METRO,137th St-City College,40822008,-73953676
ESTACAO_METRO,137th St-City College,40822008,-73953676
ESTACAO_METRO,116th St-Columbia University,40807722,-7396411
ESTACAO_METRO,Cathedral Parkway-110th St,40803967,-73966847
ESTACAO_METRO,Cathedral Parkway-110th St,40803967,-73966847
ESTACAO_METRO,96th St,40793919,-73972323
ESTACAO_METRO,86th St,40788644,-73976218
ESTACAO_METRO,86th St,40788644,-73976218
ESTACAO_METRO,79th St,40783934,-73979917
ESTACAO_METRO,79th St,40783934,-73979917
ESTACAO_METRO,72nd St,40778453,-7398197
ESTACAO_METRO,66th St-Lincoln Center,4077344,-73982209
ESTACAO_METRO,66th St-Lincoln Center,4077344,-73982209
ESTACAO_METRO,66th St-Lincoln Center,4077344,-73982209
ESTACAO_METRO,59th St-Columbus Circle,40768247,-73981929
ESTACAO_METRO,59th St-Columbus Circle,40768247,-73981929
ESTACAO_METRO,59th St-Columbus Circle,40768247,-73981929
ESTACAO_METRO,50th St,40761728,-73983849
ESTACAO_METRO,50th St,40761728,-73983849
ESTACAO_METRO,Times Square,4075529,-73987495
ESTACAO_METRO,Times Square,4075529,-73987495
ESTACAO_METRO,Times Square,4075529,-73987495
ESTACAO_METRO,Times Square,4075529,-73987495
ESTACAO_METRO,34th St,"40,750,373","-73,991,057"
ESTACAO_METRO,34th St,"40,750,373","-73,991,057"
ESTACAO_METRO,34th St,"40,750,373","-73,991,057"
ESTACAO_METRO,34th St,"40,750,373","-73,991,057"
ESTACAO_METRO,34th St,"40,750,373","-73,991,057"
ESTACAO_METRO,34th St,"40,750,373","-73,991,057"
ESTACAO_METRO,34th St,"40,750,373","-73,991,057"
ESTACAO_METRO,28th St,40747215,-73993365
ESTACAO_METRO,28th St,40747215,-73993365
ESTACAO_METRO,28th St,40747215,-73993365
ESTACAO_METRO,28th St,40747215,-73993365
ESTACAO_METRO,23rd St,40744081,-73995657
ESTACAO_METRO,23rd St,40744081,-73995657
ESTACAO_METRO,18th St,4074104,-73997871
ESTACAO_METRO,18th St,4074104,-73997871
ESTACAO_METRO,18th St,4074104,-73997871
ESTACAO_METRO,18th St,4074104,-73997871
ESTACAO_METRO,14th St,40737826,-74000201
ESTACAO_METRO,14th St,40737826,-74000201
ESTACAO_METRO,14th St,40737826,-74000201
ESTACAO_METRO,14th St,40737826,-74000201
ESTACAO_METRO,Christopher St,40733422,-74002906
ESTACAO_METRO,Christopher St,40733422,-74002906
ESTACAO_METRO,Christopher St,40733422,-74002906
ESTACAO_METRO,Christopher St,40733422,-74002906
ESTACAO_METRO,Houston St,40728251,-74005367
ESTACAO_METRO,Houston St,40728251,-74005367
ESTACAO_METRO,Houston St,40728251,-74005367
ESTACAO_METRO,Houston St,40728251,-74005367
ESTACAO_METRO,Houston St,40728251,-74005367
ESTACAO_METRO,Houston St,40728251,-74005367
ESTACAO_METRO,Canal St,40722854,-74006277
ESTACAO_METRO,Canal St,40722854,-74006277
ESTACAO_METRO,Franklin St,40719318,-74006886
ESTACAO_METRO,Franklin St,40719318,-74006886
ESTACAO_METRO,Franklin St,40719318,-74006886
ESTACAO_METRO,Franklin St,40719318,-74006886
ESTACAO_METRO,Rector St,40707513,-74013783
ESTACAO_METRO,Rector St,40707513,-74013783
ESTACAO_METRO,Rector St,40707513,-74013783
ESTACAO_METRO,Rector St,40707513,-74013783
ESTACAO_METRO,Wall St,40706821,-740091
ESTACAO_METRO,Wall St,40706821,-740091
ESTACAO_METRO,Wall St,40706821,-740091
ESTACAO_METRO,Wall St,40706821,-740091
ESTACAO_METRO,Hoyt St,40690545,-73985065
ESTACAO_METRO,Hoyt St,40690545,-73985065
ESTACAO_METRO,Hoyt St,40690545,-73985065
ESTACAO_METRO,Nevins St,40688246,-73980492
ESTACAO_METRO,Nevins St,40688246,-73980492
ESTACAO_METRO,Bergen St,40680829,-73975098
ESTACAO_METRO,Bergen St,40680829,-73975098
ESTACAO_METRO,Bergen St,40680829,-73975098
ESTACAO_METRO,Utica Av,40668897,-73932942
ESTACAO_METRO,Utica Av,40668897,-73932942
ESTACAO_METRO,Winthrop St,40656652,-739502
ESTACAO_METRO,Church Av,40650843,-73949575
ESTACAO_METRO,Church Av,40650843,-73949575
ESTACAO_METRO,Church Av,40650843,-73949575
ESTACAO_METRO,Church Av,40650843,-73949575
ESTACAO_METRO,Beverly Rd,40645098,-73948959
ESTACAO_METRO,Newkirk Av,40639967,-73948411
ESTACAO_METRO,Flatbush Av-Brooklyn College,40632836,-73947642
ESTACAO_METRO,Flatbush Av-Brooklyn College,40632836,-73947642
ESTACAO_METRO,Flatbush Av-Brooklyn College,40632836,-73947642
ESTACAO_METRO,Hunts Point Av,40820948,-73890549
ESTACAO_METRO,Longwood Av,40816104,-73896435
ESTACAO_METRO,Longwood Av,40816104,-73896435
ESTACAO_METRO,East 149th St,40812118,-73904098
ESTACAO_METRO,East 149th St,40812118,-73904098
ESTACAO_METRO,East 143rd St-St Mary's St,40808719,-73907657
ESTACAO_METRO,East 143rd St-St Mary's St,40808719,-73907657
ESTACAO_METRO,Cypress Av,40805368,-73914042
ESTACAO_METRO,Cypress Av,40805368,-73914042
ESTACAO_METRO,Brook Av,40807566,-7391924
ESTACAO_METRO,Brook Av,40807566,-7391924
ESTACAO_METRO,138th St-3rd Ave,40810476,-73926138
ESTACAO_METRO,138th St-3rd Ave,40810476,-73926138
ESTACAO_METRO,138th St-3rd Ave,40810476,-73926138
ESTACAO_METRO,Mosholu Parkway,4087975,-73884655
ESTACAO_METRO,Mosholu Parkway,4087975,-73884655
ESTACAO_METRO,Yankee Stadium-161st St,40827994,-73925831
ESTACAO_METRO,Yankee Stadium-161st St,40827994,-73925831
ESTACAO_METRO,Yankee Stadium-161st St,40827994,-73925831
ESTACAO_METRO,Yankee Stadium-161st St,40827994,-73925831
ESTACAO_METRO,149th St-Grand Concourse,40818375,-73927351
ESTACAO_METRO,149th St-Grand Concourse,40818375,-73927351
ESTACAO_METRO,116th St,40798629,-73941617
ESTACAO_METRO,116th St,40798629,-73941617
ESTACAO_METRO,110th St,4079502,-7394425
ESTACAO_METRO,110th St,4079502,-7394425
ESTACAO_METRO,86th St,40779492,-73955589
ESTACAO_METRO,86th St,40779492,-73955589
ESTACAO_METRO,86th St,40779492,-73955589
ESTACAO_METRO,86th St,40779492,-73955589
ESTACAO_METRO,77th St,4077362,-73959874
ESTACAO_METRO,77th St,4077362,-73959874
ESTACAO_METRO,77th St,4077362,-73959874
ESTACAO_METRO,77th St,4077362,-73959874
ESTACAO_METRO,59th St,40762526,-73967967
ESTACAO_METRO,59th St,40762526,-73967967
ESTACAO_METRO,59th St,40762526,-73967967
ESTACAO_METRO,59th St,40762526,-73967967
ESTACAO_METRO,59th St,40762526,-73967967
ESTACAO_METRO,51st St,40757107,-7397192
ESTACAO_METRO,51st St,40757107,-7397192
ESTACAO_METRO,51st St,40757107,-7397192
ESTACAO_METRO,51st St,40757107,-7397192
ESTACAO_METRO,51st St,40757107,-7397192
ESTACAO_METRO,Grand Central-42nd St,40751776,-73976848
ESTACAO_METRO,Grand Central-42nd St,40751776,-73976848
ESTACAO_METRO,Grand Central-42nd St,40751776,-73976848
ESTACAO_METRO,Grand Central-42nd St,40751776,-73976848
ESTACAO_METRO,33rd St,40746081,-73982076
ESTACAO_METRO,33rd St,40746081,-73982076
ESTACAO_METRO,33rd St,40746081,-73982076
ESTACAO_METRO,33rd St,40746081,-73982076
ESTACAO_METRO,33rd St,40746081,-73982076
ESTACAO_METRO,33rd St,40746081,-73982076
ESTACAO_METRO,28th St,4074307,-73984264
ESTACAO_METRO,28th St,4074307,-73984264
ESTACAO_METRO,28th St,4074307,-73984264
ESTACAO_METRO,23rd St,40739864,-73986599
ESTACAO_METRO,23rd St,40739864,-73986599
ESTACAO_METRO,23rd St,40739864,-73986599
ESTACAO_METRO,23rd St,40739864,-73986599
ESTACAO_METRO,23rd St,40739864,-73986599
ESTACAO_METRO,23rd St,40739864,-73986599
ESTACAO_METRO,14th St-Union Square,"40,734,673","-73,989,951"
ESTACAO_METRO,14th St-Union Square,"40,734,673","-73,989,951"
ESTACAO_METRO,14th St-Union Square,"40,734,673","-73,989,951"
ESTACAO_METRO,Astor Place,40730054,-7399107
ESTACAO_METRO,Bleecker St,40725915,-73994659
ESTACAO_METRO,Bleecker St,40725915,-73994659
ESTACAO_METRO,Spring St,40722301,-73997141
ESTACAO_METRO,Spring St,40722301,-73997141
ESTACAO_METRO,Canal St,40718803,-74000193
ESTACAO_METRO,Canal St,40718803,-74000193
ESTACAO_METRO,Brooklyn Bridge-City Hall,40713065,-74004131
ESTACAO_METRO,Brooklyn Bridge-City Hall,40713065,-74004131
ESTACAO_METRO,Fulton St,40710368,-74009509
ESTACAO_METRO,Fulton St,40710368,-74009509
ESTACAO_METRO,Wall St,40707557,-74011862
ESTACAO_METRO,Wall St,40707557,-74011862
ESTACAO_METRO,Wall St,40707557,-74011862
ESTACAO_METRO,Wall St,40707557,-74011862
ESTACAO_METRO,Wall St,40707557,-74011862
ESTACAO_METRO,Bowling Green,40704817,-74014065
ESTACAO_METRO,Bowling Green,40704817,-74014065
ESTACAO_METRO,Bowling Green,40704817,-74014065
ESTACAO_METRO,Borough Hall,40692404,-73990151
ESTACAO_METRO,Pelham Parkway,40857192,-73867615
ESTACAO_METRO,Pelham Parkway,40857192,-73867615
ESTACAO_METRO,174th St,40837288,-73887734
ESTACAO_METRO,174th St,40837288,-73887734
ESTACAO_METRO,Freeman St,40829993,-73891865
ESTACAO_METRO,Freeman St,40829993,-73891865
ESTACAO_METRO,Simpson St,"40,824,073","-73,893,064"
ESTACAO_METRO,Simpson St,"40,824,073","-73,893,064"
ESTACAO_METRO,Prospect Av,40819585,-7390177
ESTACAO_METRO,Prospect Av,40819585,-7390177
ESTACAO_METRO,Prospect Av,40819585,-7390177
ESTACAO_METRO,149th St-3rd Av,40816109,-73917757
ESTACAO_METRO,149th St-3rd Av,40816109,-73917757
ESTACAO_METRO,149th St-3rd Av,40816109,-73917757
ESTACAO_METRO,149th St-3rd Av,40816109,-73917757
ESTACAO_METRO,135th St,40814229,-7394077
ESTACAO_METRO,135th St,40814229,-7394077
ESTACAO_METRO,125th St,40807754,-73945495
ESTACAO_METRO,125th St,40807754,-73945495
ESTACAO_METRO,116th St,40802098,-73949625
ESTACAO_METRO,116th St,40802098,-73949625
ESTACAO_METRO,110th St-Central Park North,40799075,-73951822
ESTACAO_METRO,Broadway-74th St,40746848,-73891394
ESTACAO_METRO,Bliss St-46th St,40743132,-73918435
ESTACAO_METRO,Bliss St-46th St,40743132,-73918435
ESTACAO_METRO,Rawson St-33rd St,40744587,-73930997
ESTACAO_METRO,Rawson St-33rd St,40744587,-73930997
ESTACAO_METRO,Vernon Blvd-Jackson Av,40742626,-73953581
ESTACAO_METRO,Vernon Blvd-Jackson Av,40742626,-73953581
ESTACAO_METRO,Vernon Blvd-Jackson Av,40742626,-73953581
ESTACAO_METRO,Vernon Blvd-Jackson Av,40742626,-73953581
ESTACAO_METRO,Grand Central-42nd St,40751431,-73976041
ESTACAO_METRO,Times Square,40755983,-73986229
ESTACAO_METRO,Grand Central,40752769,-73979189
ESTACAO_METRO,Grand Central,40752769,-73979189
ESTACAO_METRO,Grand Central,40752769,-73979189
ESTACAO_METRO,Grand Central,40752769,-73979189
ESTACAO_METRO,Grand Central,40752769,-73979189
ESTACAO_METRO,Union Square,40735736,-73990568
ESTACAO_METRO,8th St,40730328,-73992629
ESTACAO_METRO,71st St,40619589,-73998864
ESTACAO_METRO,79th St,40613501,-7400061
ESTACAO_METRO,Lorimer St,40703869,-73947408
ESTACAO_METRO,Lorimer St,40703869,-73947408
ESTACAO_METRO,Morgan Av,40706152,-73933147
ESTACAO_METRO,Jefferson St,40706607,-73922913
ESTACAO_METRO,Jefferson St,40706607,-73922913
ESTACAO_METRO,DeKalb Av,40703811,-73918425
ESTACAO_METRO,DeKalb Av,40703811,-73918425
ESTACAO_METRO,Halsey St,40695602,-73904084
ESTACAO_METRO,Halsey St,40695602,-73904084
ESTACAO_METRO,50th St,40762456,-73985984
ESTACAO_METRO,42nd St,40757308,-73989735
ESTACAO_METRO,42nd St,40757308,-73989735
ESTACAO_METRO,14th St,40740893,-7400169
ESTACAO_METRO,14th St,40740893,-7400169
ESTACAO_METRO,14th St,40740893,-7400169
ESTACAO_METRO,Jay St - Borough Hall,40692338,-73987342
ESTACAO_METRO,Jay St - Borough Hall,40692338,-73987342
ESTACAO_METRO,Fulton St,40709416,-74006571
ESTACAO_METRO,Fulton St,40709416,-74006571
ESTACAO_METRO,Fulton St,40709416,-74006571
ESTACAO_METRO,5th Av,40753821,-73981963
ESTACAO_METRO,5th Av,40753821,-73981963
ESTACAO_METRO,Grand Central,40752769,-73979189
ESTACAO_METRO,Grand Central,40752769,-73979189
ESTACAO_METRO,South Ferry,40702068,-74013664
ESTACAO_METRO,Av H,4062927,-73961639
ESTACAO_METRO,71st St,40619589,-73998864
ESTACAO_METRO,79th St,40613501,-7400061
ESTACAO_METRO,121st St,40700492,-73828294
ESTACAO_METRO,Chambers St,40714111,-74008585
ESTACAO_METRO,Clinton & Washington Avs,40683263,-73965838
ESTACAO_METRO,Rockaway Av,4067834,-73911946
ESTACAO_METRO,Rockaway Av,4067834,-73911946
ESTACAO_METRO,167th St,40833769,-73918432
ESTACAO_METRO,Av I,40625322,-73976127
ESTACAO_METRO,Av U,40596063,-73973357
ESTACAO_METRO,63rd Drive-Rego Park,40729846,-73861604
ESTACAO_METRO,238th St,40884667,-7390087
ESTACAO_METRO,215th St,40869444,-73915279
ESTACAO_METRO,168th St,40840556,-73940133
ESTACAO_METRO,103rd St,40799446,-73968379
ESTACAO_METRO,14th St,40737826,-74000201
ESTACAO_METRO,Rector St,40707513,-74013783
ESTACAO_METRO,Newkirk Av,40639967,-73948411
ESTACAO_METRO,Grand Central-42nd St,40751776,-73976848
ESTACAO_METRO,145th St,40820421,-73936245
ESTACAO_METRO,145th St,40820421,-73936245
ESTACAO_METRO,Baychester Av,40878663,-73838591
ESTACAO_METRO,Gun Hill Rd,40869526,-73846384
ESTACAO_METRO,Vernon Blvd-Jackson Av,40742626,-73953581
ESTACAO_METRO,Vernon Blvd-Jackson Av,40742626,-73953581
ESTACAO_METRO,Aqueduct Racetrack,40672131,-73835812
ESTACAO_METRO,Canal St (UL),40719527,-74001775
ESTACAO_METRO,Canal St (UL),40719527,-74001775
ESTACAO_METRO,Canal St (UL),40719527,-74001775
ESTACAO_METRO,Kings Highway,4060867,-73957734
ESTACAO_METRO,Broad St,40706476,-74011056
ESTACAO_METRO,Broad St,40706476,-74011056
ESTACAO_METRO,Broad St,40706476,-74011056
ESTACAO_METRO,Broad St,40706476,-74011056
ESTACAO_METRO,59th St,40768296,-73981736
ESTACAO_METRO,34th St,40752287,-73993391
ESTACAO_METRO,34th St,40752287,-73993391
ESTACAO_METRO,34th St,40752287,-73993391
ESTACAO_METRO,34th St,40752287,-73993391
ESTACAO_METRO,34th St,40752287,-73993391
ESTACAO_METRO,34th St,40749719,-73987823
ESTACAO_METRO,34th St,40749719,-73987823
ESTACAO_METRO,Lexington Av-53rd St,40757552,-73969055
ESTACAO_METRO,Lexington Av-53rd St,40757552,-73969055
ESTACAO_METRO,Lexington Av-53rd St,40757552,-73969055
ESTACAO_METRO,96th St,40793919,-73972323
ESTACAO_METRO,96th St,40793919,-73972323
ESTACAO_METRO,96th St,40793919,-73972323
ESTACAO_METRO,96th St,40793919,-73972323
ESTACAO_METRO,86th St,40788644,-73976218
ESTACAO_METRO,Times Square,4075529,-73987495
ESTACAO_METRO,Times Square,4075529,-73987495
ESTACAO_METRO,Times Square,4075529,-73987495
ESTACAO_METRO,34th St,"40,750,373","-73,991,057"
ESTACAO_METRO,34th St,"40,750,373","-73,991,057"
ESTACAO_METRO,34th St,"40,750,373","-73,991,057"
ESTACAO_METRO,28th St,40747215,-73993365
ESTACAO_METRO,28th St,40747215,-73993365
ESTACAO_METRO,Grand Central-42nd St,40751776,-73976848
ESTACAO_METRO,Grand Central-42nd St,40751776,-73976848
ESTACAO_METRO,Grand Central-42nd St,40751776,-73976848
ESTACAO_METRO,Eastchester-Dyre Av,408883,-73830834
ESTACAO_METRO,Baychester Av,40878663,-73838591
ESTACAO_METRO,Gun Hill Rd,40869526,-73846384
ESTACAO_METRO,Pelham Parkway,40858985,-73855359
ESTACAO_METRO,Morris Park,40854364,-73860495
ESTACAO_METRO,Flushing-Main St,407596,-7383003
ESTACAO_METRO,Flushing-Main St,407596,-7383003
ESTACAO_METRO,Flushing-Main St,407596,-7383003
ESTACAO_METRO,Flushing-Main St,407596,-7383003
ESTACAO_METRO,Flushing-Main St,407596,-7383003
ESTACAO_METRO,Yankee Stadium-161st St,40827994,-73925831
ESTACAO_METRO,Yankee Stadium-161st St,40827994,-73925831
ESTACAO_METRO,Yankee Stadium-161st St,40827994,-73925831
ESTACAO_METRO,Yankee Stadium-161st St,40827994,-73925831
ESTACAO_METRO,Broadway-Lafayette St,40725297,-73996204
ESTACAO_METRO,Broadway-Lafayette St,40725297,-73996204
ESTACAO_METRO,Av I,40625322,-73976127
ESTACAO_METRO,Av U,40596063,-73973357
ESTACAO_METRO,63rd Drive-Rego Park,40729846,-73861604
ESTACAO_METRO,63rd Drive-Rego Park,40729846,-73861604
ESTACAO_METRO,63rd Drive-Rego Park,40729846,-73861604
ESTACAO_METRO,63rd Drive-Rego Park,40729846,-73861604
ESTACAO_METRO,Jackson Heights-Roosevelt Ave,40746644,-73891338
ESTACAO_METRO,Jackson Heights-Roosevelt Ave,40746644,-73891338
ESTACAO_METRO,Jackson Heights-Roosevelt Ave,40746644,-73891338
ESTACAO_METRO,Long Island City-Court Square,40746554,-73943832
ESTACAO_METRO,Long Island City-Court Square,40746554,-73943832
ESTACAO_METRO,207th St,40864614,-73918819
ESTACAO_METRO,96th St,40793919,-73972323
ESTACAO_METRO,72nd St,40778453,-7398197
ESTACAO_METRO,59th St-Columbus Circle,40768247,-73981929
ESTACAO_METRO,59th St-Columbus Circle,40768247,-73981929
ESTACAO_METRO,Hoyt St,40690545,-73985065
ESTACAO_METRO,59th St,40762526,-73967967
ESTACAO_METRO,Canal St,40718803,-74000193
ESTACAO_METRO,Canal St,40718803,-74000193
ESTACAO_METRO,Canal St,40718803,-74000193
ESTACAO_METRO,Fulton St,40710368,-74009509
ESTACAO_METRO,Fulton St,40710368,-74009509
ESTACAO_METRO,Fulton St,40710368,-74009509